,0
0,8.0
1,524.0
2,211.0
3,152.0
4,16.0
5,100.0
6,200.0
7,27.0
8,1362.0
9,274.0
10,563.0
11,9.0
12,65.0
13,9.0
14,63.0
15,6.0
16,163.0
17,3.0
18,28.0
19,4.0
20,4.0
21,2.0
22,89.0
23,560.0
24,380.0
25,616.0
26,132.0
27,26.0
28,1366.0
29,126.0
30,10.0
31,274.0
32,3.0
33,20.0
34,30996.0
35,5.0
36,16.0
37,4801.0
38,3402.0
39,1765.0
40,281.0
41,19.0
42,3112.0
43,346.0
44,418.0
45,218.0
46,1999.0
47,1681.0
48,48.0
49,116.0
50,18.0
51,8.0
52,78.0
53,252.0
54,371.0
55,280.0
56,288.0
57,3523.0
58,7609.0
59,77.0
60,7.0
61,96.0
62,5.0
63,20.0
64,126.0
65,52.0
66,28.0
67,488.0
68,283.0
69,39.0
70,4.0
71,16.0
72,5.0
73,148.0
74,64.0
75,14.0
76,19.0
77,67.0
78,13754.0
79,63.0
80,264.0
81,16.0
82,293.0
83,33.0
84,53.0
85,1.0
86,56.0
87,11.0
88,25.0
89,402.0
90,2.0
91,8.0
92,140.0
93,8.0
94,17.0
95,203.0
96,117.0
97,4.0
98,33.0
99,131.0
100,40.0
101,483.0
102,30.0
103,43.0
104,31.0
105,703.0
106,22.0
107,127.0
108,130.0
109,194.0
110,474.0
111,7.0
112,70.0
113,126.0
114,16.0
115,105.0
116,34.0
117,74.0
118,483.0
119,8043.0
120,219.0
121,12.0
122,537.0
123,372.0
124,461.0
125,3169.0
126,322.0
127,16.0
128,3.0
129,19.0
130,16.0
131,10.0
132,10.0
133,35.0
134,104.0
135,61.0
136,178.0
137,318.0
138,47.0
139,3197.0
140,7305.0
141,1461.0
142,81.0
143,341.0
144,372.0
145,355.0
146,37.0
147,20.0
148,127.0
149,12.0
150,176.0
151,497.0
152,162.0
153,244.0
154,47.0
155,228.0
156,6.0
157,367.0
158,186.0
159,190.0
160,194.0
161,176.0
162,4.0
163,840.0
164,1135.0
165,475.0
166,1883.0
167,22.0
168,716.0
169,140.0
170,6.0
171,612.0
172,82.0
173,284.0
174,376.0
175,3238.0
176,101.0
177,517.0
178,30.0
179,1099.0
180,2605.0
181,68.0
182,557.0
183,318.0
184,537.0
185,1181.0
186,229.0
187,308.0
188,541.0
189,4.0
190,2.0
191,3114.0
192,622.0
193,66.0
194,40.0
195,44.0
196,395.0
197,174.0
198,386.0
199,334.0
200,1707.0
201,642.0
202,181.0
203,154.0
204,337.0
205,210.0
206,160.0
207,20.0
208,536.0
209,252.0
210,147.0
211,985.0
212,264.0
213,50.0
214,68.0
215,5.0
216,6320.0
217,3.0
218,46.0
219,7.0
220,309.0
221,145.0
222,359.0
223,171.0
224,111.0
225,117.0
226,116.0
227,30.0
228,13.0
229,95.0
230,150.0
231,69.0
232,38.0
233,5.0
234,77.0
235,409.0
236,56.0
237,367.0
238,5.0
239,12.0
240,43.0
241,5.0
242,141.0
243,35.0
244,87.0
245,9.0
246,16.0
247,2.0
248,176.0
249,484.0
250,514.0
251,583.0
252,491.0
253,10169.0
254,11.0
255,435.0
256,548.0
257,1361.0
258,2483.0
259,825.0
260,385.0
261,53.0
262,1935.0
263,2081.0
264,164.0
265,557.0
266,435.0
267,571.0
268,2512.0
269,411.0
270,848.0
271,82.0
272,17.0
273,10.0
274,46.0
275,6.0
276,13.0
277,6.0
278,29.0
279,5.0
280,18.0
281,115.0
282,2.0
283,20.0
284,6.0
285,42.0
286,73.0
287,51.0
288,20.0
289,17.0
290,19.0
291,29.0
292,58.0
293,123.0
294,1.0
295,145.0
296,8.0
297,20.0
298,465.0
299,985.0
300,106.0
301,143.0
302,58.0
303,520.0
304,18.0
305,742.0
306,6.0
307,72.0
308,71.0
309,561.0
310,157.0
311,42.0
312,34.0
313,31.0
314,43.0
315,4.0
316,60.0
317,14.0
318,18.0
319,306.0
320,240.0
321,84.0
322,142.0
323,119.0
324,118.0
325,783.0
326,31.0
327,183.0
328,15.0
329,32.0
330,92.0
331,575.0
332,18.0
333,270.0
334,1128.0
335,78.0
336,1024.0
337,13945.0
338,2.0
339,907.0
340,5898.0
341,59.0
342,43.0
343,127.0
344,14.0
345,108.0
346,246.0
347,125.0
348,16.0
349,47.0
350,520.0
351,123.0
352,105.0
353,27.0
354,97.0
355,209.0
356,262.0
357,13.0
358,7.0
359,51.0
360,3.0
361,151.0
362,16.0
363,12.0
364,19.0
365,42.0
366,185.0
367,18.0
368,19.0
369,163.0
370,90.0
371,61.0
372,64.0
373,2.0
374,167.0
375,13.0
376,8.0
377,35.0
378,390.0
379,135.0
380,925.0
381,113.0
382,1173.0
383,46.0
384,45.0
385,13.0
386,39.0
387,203.0
388,122.0
389,38.0
390,3.0
391,90.0
392,9.0
393,112.0
394,22.0
395,145.0
396,198.0
397,50.0
398,1767.0
399,85.0
400,61.0
401,90.0
402,86.0
403,70.0
404,207.0
405,99.0
406,59.0
407,477.0
408,13.0
409,3.0
410,33.0
411,53.0
412,50.0
413,17.0
414,22.0
415,27.0
416,360.0
417,256.0
418,225.0
419,5.0
420,12.0
421,24.0
422,371.0
423,78.0
424,2377.0
425,360.0
426,334.0
427,78.0
428,86.0
429,119.0
430,12.0
431,65.0
432,365.0
433,56.0
434,784.0
435,223.0
436,64.0
437,104.0
438,4.0
439,60.0
440,13.0
441,221.0
442,13.0
443,163.0
444,29.0
445,138.0
446,724.0
447,126.0
448,252.0
449,72.0
450,149.0
451,16.0
452,1850.0
453,523.0
454,544.0
455,223.0
456,162.0
457,27.0
458,62.0
459,98.0
460,48.0
461,128.0
462,197.0
463,129.0
464,122.0
465,206.0
466,399.0
467,969.0
468,52.0
469,250.0
470,71.0
471,79.0
472,123.0
473,28.0
474,53.0
475,616.0
476,666.0
477,7.0
478,6.0
479,5.0
480,194.0
481,221.0
482,217.0
483,83.0
484,550.0
485,380.0
486,418.0
487,462.0
488,9.0
489,953.0
490,25.0
491,31.0
492,18.0
493,25.0
494,13.0
495,79.0
496,43.0
497,17.0
498,169.0
499,50.0
500,18.0
501,606.0
502,327.0
503,16.0
504,28.0
505,129.0
506,47.0
507,407.0
508,84.0
509,173.0
510,412.0
511,17.0
512,105.0
513,51.0
514,537.0
515,1702.0
516,95.0
517,98.0
518,216.0
519,257.0
520,134.0
521,241.0
522,62.0
523,120.0
524,784.0
525,15.0
526,5.0
527,217.0
528,477.0
529,398.0
530,1395.0
531,14.0
532,4.0
533,5.0
534,13.0
535,2.0
536,45.0
537,11.0
538,13.0
539,913.0
540,73.0
541,1.0
542,63.0
543,22.0
544,591.0
545,9.0
546,178.0
547,64.0
548,54.0
549,59.0
550,20.0
551,22.0
552,136.0
553,73.0
554,65.0
555,240.0
556,809.0
557,73.0
558,215.0
559,28.0
560,92.0
561,314.0
562,338.0
563,104.0
564,21.0
565,34.0
566,1823.0
567,875.0
568,781.0
569,995.0
570,430.0
571,369.0
572,135.0
573,710.0
574,221.0
575,529.0
576,4304.0
577,217.0
578,303.0
579,406.0
580,4715.0
581,125.0
582,404.0
583,208.0
584,2704.0
585,285.0
586,16.0
587,98.0
588,68.0
589,92.0
590,169.0
591,65.0
592,149.0
593,55.0
594,53.0
595,230.0
596,151.0
597,22.0
598,21.0
599,119.0
600,241.0
601,94.0
602,60.0
603,112.0
604,154.0
605,20.0
606,351.0
607,32.0
608,716.0
609,30.0
610,9.0
611,27.0
612,44.0
613,72.0
614,281.0
615,139.0
616,8.0
617,2.0
618,168.0
619,257.0
620,240.0
621,55.0
622,251.0
623,188.0
624,12.0
625,8.0
626,2.0
627,62.0
628,19.0
629,120.0
630,411.0
631,1006.0
632,118.0
633,92.0
634,35.0
635,38.0
636,219.0
637,17.0
638,103.0
639,69.0
640,256.0
641,208.0
642,1191.0
643,71.0
644,74.0
645,66.0
646,3.0
647,218.0
648,454.0
649,90.0
650,78.0
651,34.0
652,944.0
653,510.0
654,122.0
655,278.0
656,100.0
657,167.0
658,19.0
659,163.0
660,1186.0
661,762.0
662,168.0
663,37.0
664,46.0
665,158.0
666,53.0
667,51.0
668,99.0
669,204.0
670,673.0
671,61.0
672,221.0
673,111.0
674,13.0
675,13.0
676,14.0
677,112.0
678,39.0
679,135.0
680,1.0
681,1647.0
682,19.0
683,2.0
684,9.0
685,17.0
686,19.0
687,11.0
688,20.0
689,58.0
690,35.0
691,664.0
692,83.0
693,559.0
694,421.0
695,110.0
696,35.0
697,92.0
698,227.0
699,296.0
700,232.0
701,126.0
702,421.0
703,2423.0
704,955.0
705,78.0
706,1061.0
707,1844.0
708,190.0
709,98.0
710,177.0
711,866.0
712,182.0
713,221.0
714,285.0
715,17.0
716,106.0
717,1048.0
718,449.0
719,94.0
720,254.0
721,231.0
722,58.0
723,68.0
724,912.0
725,136.0
726,37.0
727,64.0
728,835.0
729,133.0
730,16.0
731,560.0
732,583.0
733,226.0
734,329.0
735,80.0
736,63.0
737,189.0
738,993.0
739,2642.0
740,187.0
741,116.0
742,4.0
743,187.0
744,429.0
745,331.0
746,27.0
747,40.0
748,19.0
749,35.0
750,12.0
751,130.0
752,78.0
753,19.0
754,380.0
755,395.0
756,14.0
757,149.0
758,179.0
759,239.0
760,701.0
761,22.0
762,689.0
763,258.0
764,15.0
765,179.0
766,7.0
767,307.0
768,26.0
769,14.0
770,10.0
771,12.0
772,548.0
773,144.0
774,116.0
775,2395.0
776,19.0
777,130.0
778,2.0
779,2376.0
780,818.0
781,82.0
782,1506.0
783,5752.0
784,302.0
785,2.0
786,1616.0
787,1405.0
788,248.0
789,106.0
790,270.0
791,123.0
792,107.0
793,331.0
794,2244.0
795,765.0
796,1.0
797,19.0
798,16.0
799,209.0
800,63.0
801,25.0
802,227.0
803,94.0
804,2.0
805,17.0
806,11.0
807,196.0
808,107.0
809,59.0
810,44.0
811,418.0
812,31.0
813,8.0
814,11.0
815,170.0
816,17.0
817,58.0
818,6.0
819,7.0
820,8.0
821,17.0
822,2.0
823,28.0
824,11.0
825,8.0
826,54.0
827,83.0
828,15.0
829,27.0
830,95.0
831,31.0
832,136.0
833,145.0
834,201.0
835,22.0
836,27.0
837,55.0
838,25.0
839,59.0
840,62.0
841,62.0
842,31.0
843,486.0
844,66.0
845,413.0
846,193.0
847,14.0
848,7.0
849,63.0
850,16.0
851,5.0
852,9.0
853,232.0
854,330.0
855,56.0
856,223.0
857,673.0
858,36.0
859,39.0
860,135.0
861,62.0
862,9.0
863,13.0
864,11.0
865,225.0
866,59.0
867,166.0
868,744.0
869,369.0
870,760.0
871,157.0
872,48.0
873,145.0
874,86.0
875,180.0
876,183.0
877,344.0
878,547.0
879,255.0
880,133.0
881,70.0
882,120.0
883,494.0
884,261.0
885,265.0
886,1196.0
887,288.0
888,212.0
889,1819.0
890,229.0
891,3197.0
892,91.0
893,742.0
894,299.0
895,398.0
896,764.0
897,4149.0
898,209.0
899,119.0
900,166.0
901,381.0
902,54.0
903,168.0
904,251.0
905,772.0
906,81.0
907,477.0
908,289.0
909,42.0
910,116.0
911,22.0
912,185.0
913,35.0
914,9.0
915,10.0
916,343.0
917,13.0
918,15.0
919,741.0
920,108.0
921,149.0
922,73.0
923,17.0
924,6.0
925,76.0
926,183.0
927,307.0
928,16.0
929,70.0
930,76.0
931,44.0
932,5.0
933,130.0
934,36.0
935,650.0
936,250.0
937,492.0
938,9.0
939,256.0
940,130.0
941,308.0
942,17.0
943,22.0
944,55.0
945,102.0
946,237.0
947,257.0
948,61.0
949,205.0
950,72.0
951,395.0
952,361.0
953,74.0
954,43.0
955,106.0
956,159.0
957,190.0
958,83.0
959,553.0
960,10.0
961,72.0
962,472.0
963,32.0
964,903.0
965,231.0
966,75.0
967,600.0
968,203.0
969,74.0
970,30.0
971,46.0
972,337.0
973,31.0
974,41.0
975,38.0
976,36.0
977,80.0
978,46.0
979,72.0
980,44.0
981,137.0
982,47.0
983,89.0
984,11.0
985,130.0
986,45.0
987,7.0
988,12.0
989,236.0
990,1.0
991,49.0
992,578.0
993,130.0
994,146.0
995,614.0
996,269.0
997,169.0
998,463.0
999,1254.0
1000,138.0
1001,134.0
1002,293.0
1003,3.0
1004,362.0
1005,20.0
1006,342.0
1007,399.0
1008,143.0
1009,50.0
1010,72.0
1011,343.0
1012,295.0
1013,1533.0
1014,117.0
1015,83.0
1016,97.0
1017,52.0
1018,90.0
1019,7.0
1020,106.0
1021,135.0
1022,67.0
1023,1104.0
1024,1049.0
1025,1299.0
1026,93.0
1027,169.0
1028,92.0
1029,12.0
1030,1568.0
1031,177.0
1032,399.0
1033,100.0
1034,33.0
1035,52.0
1036,21.0
1037,412.0
1038,472.0
0,8.0
1,396.0
2,43.0
3,58.0
4,125.0
5,43.0
6,84.0
7,23.0
8,882.0
9,106.0
10,331.0
11,137.0
12,255.0
13,15.0
14,177.0
15,10.0
16,487.0
17,27.0
18,18.0
19,30.0
20,4.0
21,2.0
22,92.0
23,494.0
24,236.0
25,720.0
26,122.0
27,104.0
28,871.0
29,50.0
30,10.0
31,189.0
32,3.0
33,44.0
34,12020.0
35,5.0
36,10.0
37,3377.0
38,2825.0
39,2011.0
40,349.0
41,19.0
42,130.0
43,161.0
44,520.0
45,344.0
46,2317.0
47,1949.0
48,93.0
49,476.0
50,38.0
51,8.0
52,363.0
53,22.0
54,284.0
55,208.0
56,135.0
57,1515.0
58,5368.0
59,8.0
60,311.0
61,38.0
62,5.0
63,20.0
64,132.0
65,22.0
66,13.0
67,356.0
68,163.0
69,16.0
70,4.0
71,16.0
72,5.0
73,17.0
74,26.0
75,32.0
76,19.0
77,54.0
78,7362.0
79,99.0
80,108.0
81,16.0
82,87.0
83,13.0
84,9.0
85,1.0
86,92.0
87,11.0
88,15.0
89,378.0
90,14.0
91,8.0
92,60.0
93,24.0
94,17.0
95,123.0
96,15.0
97,4.0
98,29.0
99,56.0
100,22.0
101,173.0
102,12.0
103,15.0
104,15.0
105,267.0
106,30.0
107,21.0
108,170.0
109,14.0
110,147.0
111,7.0
112,163.0
113,54.0
114,34.0
115,30.0
116,18.0
117,31.0
118,102.0
119,1331.0
120,9.0
121,12.0
122,186.0
123,164.0
124,107.0
125,467.0
126,94.0
127,16.0
128,3.0
129,19.0
130,16.0
131,10.0
132,10.0
133,99.0
134,22.0
135,367.0
136,655.0
137,39.0
138,35.0
139,5237.0
140,10103.0
141,1996.0
142,17.0
143,89.0
144,316.0
145,51.0
146,37.0
147,20.0
148,195.0
149,11.0
150,64.0
151,257.0
152,186.0
153,205.0
154,65.0
155,64.0
156,6.0
157,603.0
158,62.0
159,176.0
160,86.0
161,48.0
162,4.0
163,790.0
164,1180.0
165,181.0
166,1645.0
167,28.0
168,563.0
169,110.0
170,54.0
171,52.0
172,14.0
173,188.0
174,336.0
175,2230.0
176,85.0
177,1063.0
178,66.0
179,827.0
180,2611.0
181,28.0
182,429.0
183,178.0
184,189.0
185,475.0
186,145.0
187,155.0
188,277.0
189,4.0
190,2.0
191,10.0
192,62.0
193,47.0
194,38.0
195,36.0
196,429.0
197,161.0
198,312.0
199,154.0
200,791.0
201,240.0
202,157.0
203,162.0
204,145.0
205,210.0
206,72.0
207,20.0
208,428.0
209,132.0
210,111.0
211,838.0
212,296.0
213,179.0
214,40.0
215,105.0
216,1072.0
217,867.0
218,60.0
219,7.0
220,257.0
221,361.0
222,507.0
223,131.0
224,69.0
225,99.0
226,158.0
227,34.0
228,13.0
229,47.0
230,318.0
231,80.0
232,46.0
233,11.0
234,15.0
235,115.0
236,20.0
237,55.0
238,13.0
239,12.0
240,19.0
241,5.0
242,179.0
243,19.0
244,27.0
245,9.0
246,16.0
247,2.0
248,83.0
249,788.0
250,340.0
251,519.0
252,725.0
253,3819.0
254,131.0
255,162.0
256,208.0
257,1163.0
258,2027.0
259,695.0
260,22.0
261,39.0
262,1547.0
263,1217.0
264,74.0
265,65.0
266,543.0
267,661.0
268,2048.0
269,379.0
270,1732.0
271,15.0
272,97.0
273,12.0
274,16.0
275,6.0
276,13.0
277,6.0
278,21.0
279,35.0
280,30.0
281,67.0
282,2.0
283,20.0
284,6.0
285,58.0
286,73.0
287,69.0
288,20.0
289,17.0
290,91.0
291,49.0
292,18.0
293,179.0
294,5.0
295,241.0
296,8.0
297,4.0
298,159.0
299,355.0
300,58.0
301,63.0
302,22.0
303,172.0
304,60.0
305,2965.0
306,6.0
307,112.0
308,23.0
309,801.0
310,189.0
311,186.0
312,154.0
313,31.0
314,31.0
315,26.0
316,100.0
317,38.0
318,66.0
319,36.0
320,64.0
321,28.0
322,30.0
323,3.0
324,88.0
325,559.0
326,27.0
327,79.0
328,39.0
329,10.0
330,324.0
331,95.0
332,66.0
333,42.0
334,628.0
335,34.0
336,904.0
337,10495.0
338,14.0
339,259.0
340,3822.0
341,20.0
342,7.0
343,11.0
344,15.0
345,30.0
346,254.0
347,59.0
348,24.0
349,41.0
350,632.0
351,15.0
352,123.0
353,25.0
354,157.0
355,110.0
356,330.0
357,5.0
358,7.0
359,35.0
360,3.0
361,45.0
362,16.0
363,12.0
364,19.0
365,54.0
366,89.0
367,42.0
368,67.0
369,67.0
370,48.0
371,53.0
372,40.0
373,38.0
374,224.0
375,153.0
376,12.0
377,23.0
378,14.0
379,135.0
380,823.0
381,49.0
382,597.0
383,10.0
384,41.0
385,125.0
386,15.0
387,51.0
388,114.0
389,66.0
390,3.0
391,38.0
392,9.0
393,44.0
394,14.0
395,37.0
396,42.0
397,38.0
398,17.0
399,101.0
400,43.0
401,132.0
402,24.0
403,112.0
404,279.0
405,271.0
406,155.0
407,181.0
408,61.0
409,3.0
410,15.0
411,17.0
412,24.0
413,17.0
414,26.0
415,55.0
416,150.0
417,40.0
418,39.0
419,17.0
420,12.0
421,36.0
422,99.0
423,102.0
424,1225.0
425,136.0
426,306.0
427,62.0
428,30.0
429,27.0
430,12.0
431,65.0
432,197.0
433,32.0
434,176.0
435,103.0
436,88.0
437,128.0
438,24.0
439,44.0
440,13.0
441,103.0
442,21.0
443,55.0
444,33.0
445,24.0
446,331.0
447,67.0
448,108.0
449,96.0
450,165.0
451,16.0
452,770.0
453,1057.0
454,620.0
455,255.0
456,82.0
457,223.0
458,30.0
459,24.0
460,60.0
461,98.0
462,257.0
463,171.0
464,80.0
465,244.0
466,261.0
467,853.0
468,36.0
469,314.0
470,83.0
471,103.0
472,148.0
473,112.0
474,45.0
475,622.0
476,507.0
477,7.0
478,6.0
479,5.0
480,118.0
481,218.0
482,185.0
483,59.0
484,194.0
485,344.0
486,482.0
487,99.0
488,9.0
489,1205.0
490,11.0
491,10.0
492,9.0
493,3.0
494,13.0
495,196.0
496,43.0
497,20.0
498,175.0
499,66.0
500,18.0
501,378.0
502,360.0
503,18.0
504,68.0
505,93.0
506,23.0
507,428.0
508,20.0
509,107.0
510,496.0
511,27.0
512,63.0
513,163.0
514,517.0
515,1282.0
516,43.0
517,29.0
518,519.0
519,259.0
520,121.0
521,185.0
522,192.0
523,134.0
524,434.0
525,18.0
526,11.0
527,297.0
528,225.0
529,260.0
530,883.0
531,62.0
532,108.0
533,53.0
534,13.0
535,2.0
536,31.0
537,35.0
538,13.0
539,733.0
540,41.0
541,49.0
542,143.0
543,6.0
544,331.0
545,41.0
546,142.0
547,174.0
548,96.0
549,77.0
550,164.0
551,22.0
552,96.0
553,51.0
554,17.0
555,148.0
556,308.0
557,55.0
558,179.0
559,47.0
560,114.0
561,170.0
562,296.0
563,80.0
564,11.0
565,36.0
566,1171.0
567,899.0
568,340.0
569,656.0
570,163.0
571,225.0
572,155.0
573,734.0
574,77.0
575,345.0
576,3350.0
577,79.0
578,171.0
579,270.0
580,1911.0
581,57.0
582,272.0
583,124.0
584,3892.0
585,197.0
586,21.0
587,44.0
588,56.0
589,58.0
590,105.0
591,5.0
592,87.0
593,55.0
594,25.0
595,170.0
596,91.0
597,23.0
598,11.0
599,71.0
600,103.0
601,70.0
602,52.0
603,138.0
604,76.0
605,20.0
606,420.0
607,20.0
608,540.0
609,6.0
610,9.0
611,49.0
612,8.0
613,62.0
614,137.0
615,67.0
616,8.0
617,2.0
618,48.0
619,215.0
620,183.0
621,75.0
622,163.0
623,180.0
624,12.0
625,2.0
626,2.0
627,2.0
628,13.0
629,152.0
630,253.0
631,706.0
632,4.0
633,62.0
634,23.0
635,24.0
636,225.0
637,17.0
638,67.0
639,48.0
640,132.0
641,175.0
642,855.0
643,56.0
644,40.0
645,38.0
646,3.0
647,50.0
648,428.0
649,78.0
650,90.0
651,30.0
652,736.0
653,1142.0
654,122.0
655,146.0
656,42.0
657,63.0
658,19.0
659,69.0
660,642.0
661,586.0
662,68.0
663,43.0
664,402.0
665,113.0
666,21.0
667,33.0
668,27.0
669,36.0
670,321.0
671,37.0
672,269.0
673,175.0
674,21.0
675,21.0
676,20.0
677,100.0
678,31.0
679,51.0
680,1.0
681,959.0
682,19.0
683,2.0
684,9.0
685,17.0
686,19.0
687,11.0
688,20.0
689,16.0
690,27.0
691,238.0
692,92.0
693,291.0
694,469.0
695,134.0
696,15.0
697,65.0
698,79.0
699,407.0
700,88.0
701,90.0
702,457.0
703,1431.0
704,795.0
705,492.0
706,429.0
707,1421.0
708,253.0
709,36.0
710,85.0
711,182.0
712,138.0
713,141.0
714,461.0
715,11.0
716,364.0
717,184.0
718,266.0
719,94.0
720,242.0
721,479.0
722,62.0
723,180.0
724,296.0
725,286.0
726,45.0
727,98.0
728,403.0
729,85.0
730,16.0
731,332.0
732,541.0
733,326.0
734,227.0
735,52.0
736,47.0
737,101.0
738,933.0
739,992.0
740,7.0
741,158.0
742,4.0
743,133.0
744,261.0
745,187.0
746,16.0
747,16.0
748,16.0
749,35.0
750,4.0
751,106.0
752,168.0
753,37.0
754,262.0
755,651.0
756,161.0
757,129.0
758,149.0
759,111.0
760,317.0
761,182.0
762,301.0
763,978.0
764,15.0
765,139.0
766,7.0
767,235.0
768,20.0
769,41.0
770,14.0
771,12.0
772,260.0
773,219.0
774,104.0
775,4567.0
776,31.0
777,226.0
778,2.0
779,1538.0
780,762.0
781,22.0
782,2348.0
783,3556.0
784,326.0
785,2.0
786,216.0
787,1549.0
788,216.0
789,58.0
790,174.0
791,115.0
792,127.0
793,483.0
794,4236.0
795,725.0
796,5.0
797,25.0
798,16.0
799,151.0
800,13.0
801,13.0
802,53.0
803,10.0
804,2.0
805,17.0
806,11.0
807,54.0
808,45.0
809,19.0
810,16.0
811,274.0
812,95.0
813,24.0
814,11.0
815,210.0
816,17.0
817,2.0
818,6.0
819,7.0
820,8.0
821,17.0
822,2.0
823,26.0
824,11.0
825,8.0
826,15.0
827,20.0
828,21.0
829,11.0
830,95.0
831,31.0
832,50.0
833,49.0
834,127.0
835,18.0
836,27.0
837,37.0
838,97.0
839,39.0
840,74.0
841,77.0
842,23.0
843,568.0
844,18.0
845,259.0
846,305.0
847,8.0
848,1.0
849,204.0
850,16.0
851,5.0
852,141.0
853,224.0
854,246.0
855,16.0
856,235.0
857,145.0
858,20.0
859,15.0
860,239.0
861,41.0
862,33.0
863,21.0
864,36.0
865,423.0
866,59.0
867,120.0
868,12.0
869,231.0
870,33.0
871,139.0
872,72.0
873,211.0
874,48.0
875,68.0
876,41.0
877,170.0
878,232.0
879,213.0
880,85.0
881,217.0
882,170.0
883,618.0
884,327.0
885,309.0
886,664.0
887,414.0
888,92.0
889,1475.0
890,133.0
891,1949.0
892,47.0
893,726.0
894,160.0
895,506.0
896,116.0
897,2166.0
898,82.0
899,85.0
900,157.0
901,241.0
902,26.0
903,100.0
904,121.0
905,130.0
906,89.0
907,289.0
908,173.0
909,102.0
910,116.0
911,24.0
912,19.0
913,19.0
914,13.0
915,10.0
916,403.0
917,16.0
918,15.0
919,348.0
920,92.0
921,41.0
922,25.0
923,17.0
924,2.0
925,50.0
926,63.0
927,229.0
928,6.0
929,26.0
930,32.0
931,20.0
932,5.0
933,42.0
934,4.0
935,434.0
936,194.0
937,156.0
938,9.0
939,320.0
940,50.0
941,308.0
942,287.0
943,10.0
944,21.0
945,118.0
946,93.0
947,217.0
948,13.0
949,187.0
950,114.0
951,427.0
952,465.0
953,14.0
954,47.0
955,95.0
956,95.0
957,538.0
958,131.0
959,397.0
960,10.0
961,332.0
962,1016.0
963,200.0
964,379.0
965,135.0
966,19.0
967,540.0
968,87.0
969,87.0
970,46.0
971,54.0
972,253.0
973,91.0
974,25.0
975,70.0
976,36.0
977,64.0
978,25.0
979,36.0
980,50.0
981,37.0
982,5.0
983,72.0
984,59.0
985,58.0
986,37.0
987,7.0
988,12.0
989,125.0
990,33.0
991,225.0
992,314.0
993,154.0
994,154.0
995,386.0
996,229.0
997,121.0
998,460.0
999,510.0
1000,38.0
1001,26.0
1002,421.0
1003,33.0
1004,2.0
1005,20.0
1006,396.0
1007,583.0
1008,92.0
1009,47.0
1010,142.0
1011,511.0
1012,160.0
1013,905.0
1014,173.0
1015,90.0
1016,95.0
1017,38.0
1018,44.0
1019,7.0
1020,48.0
1021,69.0
1022,87.0
1023,760.0
1024,365.0
1025,627.0
1026,145.0
1027,101.0
1028,68.0
1029,12.0
1030,461.0
1031,77.0
1032,479.0
1033,22.0
1034,43.0
1035,104.0
1036,5.0
1037,384.0
1038,184.0
0,14.0
1,252.0
2,519.0
3,14.0
4,61.0
5,79.0
6,256.0
7,40.0
8,966.0
9,340.0
10,533.0
11,89.0
12,105.0
13,9.0
14,444.0
15,14.0
16,775.0
17,11.0
18,58.0
19,4.0
20,4.0
21,2.0
22,21.0
23,248.0
24,200.0
25,648.0
26,202.0
27,80.0
28,937.0
29,130.0
30,340.0
31,213.0
32,259.0
33,20.0
34,6948.0
35,5.0
36,10.0
37,2681.0
38,1762.0
39,862.0
40,997.0
41,1507.0
42,10.0
43,370.0
44,488.0
45,587.0
46,979.0
47,781.0
48,84.0
49,116.0
50,46.0
51,8.0
52,453.0
53,4.0
54,332.0
55,264.0
56,312.0
57,1859.0
58,4639.0
59,230.0
60,111.0
61,29.0
62,81.0
63,44.0
64,309.0
65,85.0
66,24.0
67,480.0
68,267.0
69,40.0
70,4.0
71,16.0
72,5.0
73,84.0
74,144.0
75,44.0
76,43.0
77,104.0
78,4550.0
79,263.0
80,270.0
81,16.0
82,285.0
83,29.0
84,33.0
85,1.0
86,80.0
87,182.0
88,179.0
89,750.0
90,2.0
91,8.0
92,204.0
93,40.0
94,17.0
95,375.0
96,134.0
97,4.0
98,37.0
99,98.0
100,16.0
101,451.0
102,30.0
103,15.0
104,9.0
105,223.0
106,26.0
107,135.0
108,66.0
109,422.0
110,554.0
111,13.0
112,22.0
113,200.0
114,93.0
115,216.0
116,42.0
117,70.0
118,282.0
119,3963.0
120,153.0
121,12.0
122,552.0
123,232.0
124,359.0
125,1621.0
126,259.0
127,16.0
128,6.0
129,19.0
130,16.0
131,10.0
132,10.0
133,35.0
134,38.0
135,270.0
136,346.0
137,135.0
138,11.0
139,953.0
140,3215.0
141,548.0
142,49.0
143,17.0
144,4.0
145,87.0
146,19.0
147,22.0
148,155.0
149,536.0
150,32.0
151,217.0
152,141.0
153,232.0
154,48.0
155,78.0
156,6.0
157,279.0
158,254.0
159,120.0
160,77.0
161,108.0
162,324.0
163,478.0
164,322.0
165,310.0
166,575.0
167,36.0
168,635.0
169,203.0
170,142.0
171,112.0
172,222.0
173,316.0
174,128.0
175,1162.0
176,95.0
177,394.0
178,141.0
179,235.0
180,1927.0
181,55.0
182,333.0
183,138.0
184,97.0
185,989.0
186,383.0
187,485.0
188,441.0
189,4.0
190,2.0
191,1282.0
192,250.0
193,28.0
194,30.0
195,112.0
196,283.0
197,52.0
198,378.0
199,170.0
200,1447.0
201,198.0
202,61.0
203,374.0
204,345.0
205,326.0
206,214.0
207,20.0
208,254.0
209,124.0
210,27.0
211,649.0
212,140.0
213,131.0
214,76.0
215,45.0
216,5396.0
217,3831.0
218,135.0
219,7.0
220,417.0
221,121.0
222,212.0
223,119.0
224,61.0
225,177.0
226,170.0
227,66.0
228,19.0
229,83.0
230,230.0
231,106.0
232,44.0
233,11.0
234,57.0
235,283.0
236,40.0
237,407.0
238,21.0
239,12.0
240,137.0
241,5.0
242,415.0
243,15.0
244,23.0
245,9.0
246,22.0
247,2.0
248,14.0
249,196.0
250,934.0
251,327.0
252,425.0
253,5451.0
254,179.0
255,237.0
256,134.0
257,1007.0
258,3131.0
259,713.0
260,253.0
261,35.0
262,1295.0
263,921.0
264,236.0
265,341.0
266,211.0
267,721.0
268,1524.0
269,419.0
270,756.0
271,33.0
272,217.0
273,18.0
274,28.0
275,6.0
276,13.0
277,6.0
278,29.0
279,80.0
280,102.0
281,467.0
282,2.0
283,52.0
284,6.0
285,146.0
286,187.0
287,119.0
288,20.0
289,17.0
290,139.0
291,49.0
292,60.0
293,451.0
294,5.0
295,489.0
296,10.0
297,60.0
298,309.0
299,491.0
300,322.0
301,119.0
302,226.0
303,120.0
304,102.0
305,1585.0
306,22.0
307,152.0
308,31.0
309,641.0
310,133.0
311,96.0
312,26.0
313,23.0
314,133.0
315,40.0
316,100.0
317,22.0
318,24.0
319,198.0
320,304.0
321,76.0
322,150.0
323,63.0
324,88.0
325,215.0
326,71.0
327,75.0
328,117.0
329,122.0
330,1372.0
331,251.0
332,6.0
333,122.0
334,1020.0
335,60.0
336,1288.0
337,11641.0
338,32.0
339,411.0
340,3864.0
341,71.0
342,71.0
343,39.0
344,33.0
345,87.0
346,182.0
347,17.0
348,44.0
349,77.0
350,696.0
351,115.0
352,57.0
353,29.0
354,169.0
355,98.0
356,66.0
357,53.0
358,13.0
359,115.0
360,3.0
361,102.0
362,16.0
363,12.0
364,19.0
365,93.0
366,245.0
367,154.0
368,115.0
369,223.0
370,64.0
371,127.0
372,1174.0
373,116.0
374,308.0
375,313.0
376,36.0
377,25.0
378,2.0
379,141.0
380,457.0
381,417.0
382,437.0
383,70.0
384,55.0
385,141.0
386,95.0
387,267.0
388,162.0
389,40.0
390,3.0
391,118.0
392,9.0
393,28.0
394,70.0
395,117.0
396,36.0
397,152.0
398,25.0
399,221.0
400,69.0
401,162.0
402,38.0
403,166.0
404,359.0
405,163.0
406,3.0
407,325.0
408,49.0
409,3.0
410,81.0
411,77.0
412,54.0
413,189.0
414,40.0
415,91.0
416,228.0
417,352.0
418,51.0
419,11.0
420,20.0
421,54.0
422,363.0
423,306.0
424,3033.0
425,212.0
426,346.0
427,310.0
428,58.0
429,85.0
430,12.0
431,149.0
432,245.0
433,44.0
434,876.0
435,307.0
436,32.0
437,168.0
438,24.0
439,60.0
440,13.0
441,369.0
442,93.0
443,196.0
444,41.0
445,288.0
446,427.0
447,136.0
448,129.0
449,56.0
450,149.0
451,88.0
452,902.0
453,799.0
454,428.0
455,263.0
456,2.0
457,27.0
458,1238.0
459,40.0
460,68.0
461,14.0
462,521.0
463,213.0
464,90.0
465,190.0
466,291.0
467,1513.0
468,48.0
469,54.0
470,17.0
471,199.0
472,118.0
473,39.0
474,28.0
475,349.0
476,333.0
477,7.0
478,6.0
479,5.0
480,122.0
481,161.0
482,85.0
483,65.0
484,490.0
485,212.0
486,250.0
487,141.0
488,9.0
489,449.0
490,9.0
491,13.0
492,5.0
493,3.0
494,35.0
495,178.0
496,11.0
497,17.0
498,64.0
499,34.0
500,18.0
501,86.0
502,147.0
503,16.0
504,20.0
505,73.0
506,35.0
507,254.0
508,20.0
509,89.0
510,70.0
511,45.0
512,81.0
513,43.0
514,157.0
515,554.0
516,115.0
517,29.0
518,387.0
519,157.0
520,107.0
521,309.0
522,142.0
523,106.0
524,568.0
525,21.0
526,5.0
527,249.0
528,123.0
529,326.0
530,1139.0
531,66.0
532,52.0
533,569.0
534,197.0
535,2.0
536,11.0
537,11.0
538,29.0
539,529.0
540,17.0
541,1.0
542,55.0
543,22.0
544,15.0
545,9.0
546,134.0
547,190.0
548,120.0
549,29.0
550,124.0
551,12.0
552,52.0
553,23.0
554,417.0
555,56.0
556,158.0
557,57.0
558,62.0
559,86.0
560,68.0
561,194.0
562,170.0
563,80.0
564,31.0
565,20.0
566,1261.0
567,611.0
568,452.0
569,599.0
570,88.0
571,201.0
572,131.0
573,404.0
574,132.0
575,681.0
576,2396.0
577,133.0
578,227.0
579,376.0
580,3115.0
581,63.0
582,206.0
583,160.0
584,880.0
585,277.0
586,21.0
587,224.0
588,50.0
589,166.0
590,217.0
591,73.0
592,67.0
593,37.0
594,5.0
595,144.0
596,55.0
597,19.0
598,13.0
599,43.0
600,82.0
601,118.0
602,20.0
603,112.0
604,96.0
605,136.0
606,168.0
607,26.0
608,328.0
609,6.0
610,9.0
611,31.0
612,8.0
613,54.0
614,201.0
615,169.0
616,8.0
617,2.0
618,84.0
619,176.0
620,132.0
621,35.0
622,83.0
623,192.0
624,12.0
625,2.0
626,2.0
627,10.0
628,19.0
629,120.0
630,233.0
631,442.0
632,148.0
633,50.0
634,35.0
635,51.0
636,179.0
637,217.0
638,151.0
639,57.0
640,84.0
641,91.0
642,15.0
643,25.0
644,57.0
645,54.0
646,3.0
647,86.0
648,352.0
649,42.0
650,45.0
651,30.0
652,400.0
653,666.0
654,202.0
655,226.0
656,86.0
657,59.0
658,19.0
659,107.0
660,530.0
661,450.0
662,108.0
663,13.0
664,152.0
665,113.0
666,23.0
667,31.0
668,15.0
669,84.0
670,393.0
671,19.0
672,101.0
673,39.0
674,13.0
675,23.0
676,26.0
677,108.0
678,137.0
679,163.0
680,1.0
681,943.0
682,19.0
683,2.0
684,9.0
685,17.0
686,19.0
687,11.0
688,20.0
689,16.0
690,23.0
691,514.0
692,95.0
693,359.0
694,293.0
695,92.0
696,5.0
697,86.0
698,159.0
699,152.0
700,154.0
701,79.0
702,367.0
703,1123.0
704,139.0
705,303.0
706,557.0
707,608.0
708,238.0
709,30.0
710,86.0
711,212.0
712,82.0
713,139.0
714,409.0
715,52.0
716,109.0
717,19.0
718,197.0
719,88.0
720,378.0
721,407.0
722,90.0
723,244.0
724,552.0
725,328.0
726,91.0
727,84.0
728,295.0
729,133.0
730,16.0
731,428.0
732,277.0
733,102.0
734,131.0
735,32.0
736,51.0
737,61.0
738,708.0
739,1517.0
740,7.0
741,182.0
742,4.0
743,138.0
744,165.0
745,199.0
746,24.0
747,49.0
748,24.0
749,55.0
750,11.0
751,40.0
752,246.0
753,76.0
754,340.0
755,51.0
756,163.0
757,129.0
758,245.0
759,139.0
760,353.0
761,122.0
762,425.0
763,386.0
764,47.0
765,323.0
766,37.0
767,391.0
768,20.0
769,11.0
770,30.0
771,12.0
772,340.0
773,120.0
774,88.0
775,7453.0
776,53.0
777,582.0
778,266.0
779,76.0
780,578.0
781,10.0
782,1724.0
783,3428.0
784,566.0
785,506.0
786,16.0
787,781.0
788,240.0
789,102.0
790,322.0
791,95.0
792,111.0
793,577.0
794,4006.0
795,957.0
796,5.0
797,52.0
798,20.0
799,149.0
800,45.0
801,37.0
802,203.0
803,118.0
804,2.0
805,17.0
806,11.0
807,134.0
808,81.0
809,83.0
810,19.0
811,218.0
812,39.0
813,28.0
814,11.0
815,158.0
816,37.0
817,10.0
818,6.0
819,7.0
820,232.0
821,177.0
822,2.0
823,60.0
824,11.0
825,8.0
826,37.0
827,74.0
828,15.0
829,9.0
830,67.0
831,25.0
832,173.0
833,161.0
834,175.0
835,50.0
836,39.0
837,63.0
838,118.0
839,17.0
840,78.0
841,83.0
842,23.0
843,486.0
844,30.0
845,155.0
846,169.0
847,32.0
848,5.0
849,144.0
850,16.0
851,167.0
852,57.0
853,76.0
854,222.0
855,32.0
856,205.0
857,177.0
858,20.0
859,15.0
860,295.0
861,31.0
862,9.0
863,13.0
864,21.0
865,327.0
866,27.0
867,172.0
868,12.0
869,246.0
870,101.0
871,67.0
872,168.0
873,55.0
874,38.0
875,124.0
876,91.0
877,164.0
878,295.0
879,219.0
880,325.0
881,82.0
882,122.0
883,226.0
884,433.0
885,645.0
886,736.0
887,282.0
888,134.0
889,1411.0
890,145.0
891,2085.0
892,63.0
893,734.0
894,188.0
895,454.0
896,364.0
897,1230.0
898,180.0
899,49.0
900,304.0
901,255.0
902,39.0
903,178.0
904,113.0
905,670.0
906,167.0
907,141.0
908,211.0
909,70.0
910,102.0
911,30.0
912,17.0
913,307.0
914,13.0
915,20.0
916,347.0
917,10.0
918,15.0
919,558.0
920,96.0
921,116.0
922,38.0
923,17.0
924,2.0
925,22.0
926,156.0
927,163.0
928,13.0
929,42.0
930,52.0
931,54.0
932,5.0
933,74.0
934,12.0
935,350.0
936,118.0
937,132.0
938,9.0
939,240.0
940,66.0
941,548.0
942,383.0
943,12.0
944,26.0
945,18.0
946,57.0
947,333.0
948,121.0
949,205.0
950,94.0
951,163.0
952,505.0
953,20.0
954,77.0
955,134.0
956,283.0
957,370.0
958,163.0
959,383.0
960,10.0
961,48.0
962,1384.0
963,206.0
964,495.0
965,159.0
966,91.0
967,432.0
968,153.0
969,95.0
970,60.0
971,14.0
972,193.0
973,115.0
974,26.0
975,166.0
976,75.0
977,36.0
978,19.0
979,44.0
980,78.0
981,37.0
982,5.0
983,11.0
984,149.0
985,234.0
986,43.0
987,7.0
988,12.0
989,188.0
990,73.0
991,145.0
992,380.0
993,364.0
994,74.0
995,350.0
996,169.0
997,105.0
998,82.0
999,606.0
1000,62.0
1001,94.0
1002,353.0
1003,21.0
1004,2.0
1005,20.0
1006,321.0
1007,319.0
1008,89.0
1009,89.0
1010,192.0
1011,511.0
1012,202.0
1013,1013.0
1014,177.0
1015,21.0
1016,71.0
1017,63.0
1018,68.0
1019,7.0
1020,48.0
1021,83.0
1022,83.0
1023,1036.0
1024,651.0
1025,867.0
1026,57.0
1027,165.0
1028,60.0
1029,12.0
1030,578.0
1031,59.0
1032,471.0
1033,40.0
1034,35.0
1035,136.0
1036,13.0
1037,444.0
1038,196.0
0,16.0
1,945.0
2,411.0
3,330.0
4,127.0
5,196.0
6,244.0
7,57.0
8,2118.0
9,538.0
10,625.0
11,9.0
12,173.0
13,11.0
14,129.0
15,18.0
16,232.0
17,3.0
18,46.0
19,6.0
20,4.0
21,2.0
22,100.0
23,188.0
24,116.0
25,932.0
26,354.0
27,302.0
28,3787.0
29,644.0
30,304.0
31,579.0
32,155.0
33,20.0
34,15180.0
35,5.0
36,682.0
37,2709.0
38,1846.0
39,1134.0
40,853.0
41,1837.0
42,130.0
43,406.0
44,704.0
45,227.0
46,1015.0
47,1565.0
48,12.0
49,164.0
50,110.0
51,440.0
52,228.0
53,344.0
54,470.0
55,1028.0
56,100.0
57,4079.0
58,14008.0
59,368.0
60,63.0
61,36.0
62,7.0
63,56.0
64,321.0
65,40.0
66,29.0
67,220.0
68,407.0
69,74.0
70,100.0
71,32.0
72,83.0
73,83.0
74,228.0
75,23.0
76,35.0
77,184.0
78,7042.0
79,289.0
80,456.0
81,16.0
82,355.0
83,9.0
84,1.0
85,1.0
86,92.0
87,491.0
88,151.0
89,642.0
90,2.0
91,40.0
92,100.0
93,8.0
94,35.0
95,287.0
96,88.0
97,4.0
98,58.0
99,140.0
100,148.0
101,855.0
102,57.0
103,15.0
104,47.0
105,475.0
106,34.0
107,175.0
108,202.0
109,308.0
110,591.0
111,43.0
112,274.0
113,286.0
114,133.0
115,435.0
116,18.0
117,343.0
118,228.0
119,5755.0
120,297.0
121,188.0
122,702.0
123,136.0
124,251.0
125,1929.0
126,328.0
127,16.0
128,27.0
129,75.0
130,40.0
131,46.0
132,44.0
133,15.0
134,14.0
135,58.0
136,190.0
137,51.0
138,11.0
139,941.0
140,2849.0
141,820.0
142,17.0
143,17.0
144,96.0
145,123.0
146,226.0
147,56.0
148,103.0
149,718.0
150,136.0
151,169.0
152,294.0
153,415.0
154,49.0
155,112.0
156,8.0
157,479.0
158,26.0
159,112.0
160,160.0
161,124.0
162,52.0
163,568.0
164,1174.0
165,271.0
166,1399.0
167,352.0
168,296.0
169,98.0
170,202.0
171,84.0
172,238.0
173,404.0
174,252.0
175,3174.0
176,29.0
177,559.0
178,699.0
179,779.0
180,2299.0
181,100.0
182,381.0
183,202.0
184,359.0
185,763.0
186,89.0
187,413.0
188,689.0
189,24.0
190,2.0
191,2170.0
192,458.0
193,99.0
194,52.0
195,168.0
196,585.0
197,245.0
198,310.0
199,326.0
200,1499.0
201,592.0
202,313.0
203,366.0
204,185.0
205,2.0
206,72.0
207,58.0
208,524.0
209,260.0
210,135.0
211,694.0
212,600.0
213,119.0
214,120.0
215,381.0
216,4956.0
217,6039.0
218,58.0
219,19.0
220,447.0
221,609.0
222,235.0
223,267.0
224,101.0
225,39.0
226,92.0
227,84.0
228,16.0
229,89.0
230,254.0
231,98.0
232,56.0
233,5.0
234,121.0
235,715.0
236,30.0
237,703.0
238,25.0
239,12.0
240,117.0
241,6.0
242,803.0
243,29.0
244,67.0
245,31.0
246,19.0
247,2.0
248,128.0
249,804.0
250,1354.0
251,543.0
252,449.0
253,5295.0
254,179.0
255,657.0
256,178.0
257,1439.0
258,3379.0
259,629.0
260,184.0
261,47.0
262,1259.0
263,1941.0
264,350.0
265,893.0
266,895.0
267,865.0
268,3110.0
269,603.0
270,1172.0
271,343.0
272,233.0
273,30.0
274,64.0
275,6.0
276,13.0
277,6.0
278,21.0
279,59.0
280,54.0
281,643.0
282,2.0
283,164.0
284,6.0
285,186.0
286,37.0
287,117.0
288,20.0
289,25.0
290,227.0
291,33.0
292,18.0
293,503.0
294,81.0
295,881.0
296,14.0
297,240.0
298,201.0
299,931.0
300,76.0
301,207.0
302,136.0
303,276.0
304,138.0
305,1009.0
306,6.0
307,80.0
308,119.0
309,625.0
310,205.0
311,6.0
312,10.0
313,13.0
314,37.0
315,158.0
316,108.0
317,46.0
318,102.0
319,288.0
320,208.0
321,82.0
322,198.0
323,39.0
324,76.0
325,567.0
326,63.0
327,67.0
328,393.0
329,10.0
330,388.0
331,435.0
332,156.0
333,210.0
334,420.0
335,152.0
336,1032.0
337,16483.0
338,101.0
339,563.0
340,5454.0
341,146.0
342,73.0
343,119.0
344,41.0
345,126.0
346,334.0
347,271.0
348,46.0
349,95.0
350,8.0
351,63.0
352,277.0
353,89.0
354,121.0
355,494.0
356,402.0
357,25.0
358,7.0
359,208.0
360,23.0
361,113.0
362,16.0
363,12.0
364,19.0
365,114.0
366,185.0
367,194.0
368,155.0
369,91.0
370,60.0
371,105.0
372,202.0
373,254.0
374,794.0
375,149.0
376,88.0
377,51.0
378,2.0
379,89.0
380,745.0
381,97.0
382,1317.0
383,88.0
384,15.0
385,117.0
386,7.0
387,331.0
388,338.0
389,94.0
390,39.0
391,288.0
392,13.0
393,48.0
394,44.0
395,85.0
396,78.0
397,284.0
398,21.0
399,93.0
400,47.0
401,78.0
402,94.0
403,370.0
404,7.0
405,163.0
406,99.0
407,445.0
408,217.0
409,31.0
410,141.0
411,77.0
412,146.0
413,309.0
414,30.0
415,263.0
416,408.0
417,304.0
418,99.0
419,49.0
420,54.0
421,186.0
422,467.0
423,420.0
424,3877.0
425,836.0
426,570.0
427,310.0
428,70.0
429,21.0
430,1512.0
431,101.0
432,5.0
433,40.0
434,916.0
435,591.0
436,132.0
437,20.0
438,452.0
439,92.0
440,73.0
441,341.0
442,237.0
443,391.0
444,49.0
445,135.0
446,715.0
447,426.0
448,398.0
449,80.0
450,333.0
451,252.0
452,1358.0
453,583.0
454,576.0
455,287.0
456,402.0
457,177.0
458,2302.0
459,24.0
460,48.0
461,210.0
462,333.0
463,105.0
464,87.0
465,351.0
466,231.0
467,1433.0
468,64.0
469,194.0
470,23.0
471,311.0
472,128.0
473,46.0
474,27.0
475,442.0
476,576.0
477,115.0
478,46.0
479,65.0
480,130.0
481,116.0
482,65.0
483,53.0
484,286.0
485,424.0
486,586.0
487,174.0
488,9.0
489,1085.0
490,15.0
491,58.0
492,13.0
493,12.0
494,93.0
495,40.0
496,27.0
497,251.0
498,73.0
499,50.0
500,384.0
501,98.0
502,405.0
503,24.0
504,24.0
505,77.0
506,89.0
507,356.0
508,20.0
509,251.0
510,280.0
511,27.0
512,84.0
513,131.0
514,753.0
515,1450.0
516,171.0
517,17.0
518,588.0
519,195.0
520,139.0
521,249.0
522,160.0
523,90.0
524,676.0
525,24.0
526,53.0
527,217.0
528,210.0
529,242.0
530,1467.0
531,96.0
532,4.0
533,296.0
534,37.0
535,2.0
536,15.0
537,11.0
538,13.0
539,1409.0
540,9.0
541,1.0
542,103.0
543,6.0
544,15.0
545,9.0
546,126.0
547,194.0
548,138.0
549,23.0
550,52.0
551,24.0
552,84.0
553,57.0
554,17.0
555,60.0
556,62.0
557,37.0
558,167.0
559,48.0
560,62.0
561,130.0
562,206.0
563,80.0
564,13.0
565,39.0
566,1355.0
567,635.0
568,578.0
569,713.0
570,157.0
571,181.0
572,107.0
573,722.0
574,110.0
575,449.0
576,2960.0
577,133.0
578,19.0
579,286.0
580,2323.0
581,187.0
582,260.0
583,230.0
584,2624.0
585,357.0
586,10.0
587,92.0
588,86.0
589,62.0
590,181.0
591,17.0
592,57.0
593,31.0
594,33.0
595,124.0
596,73.0
597,31.0
598,11.0
599,155.0
600,88.0
601,121.0
602,52.0
603,338.0
604,161.0
605,4.0
606,78.0
607,23.0
608,392.0
609,42.0
610,173.0
611,23.0
612,8.0
613,80.0
614,461.0
615,298.0
616,80.0
617,2.0
618,81.0
619,272.0
620,138.0
621,123.0
622,235.0
623,160.0
624,12.0
625,2.0
626,2.0
627,50.0
628,37.0
629,216.0
630,211.0
631,634.0
632,106.0
633,188.0
634,59.0
635,60.0
636,747.0
637,145.0
638,169.0
639,105.0
640,92.0
641,85.0
642,15.0
643,10.0
644,42.0
645,37.0
646,3.0
647,134.0
648,336.0
649,38.0
650,47.0
651,141.0
652,428.0
653,470.0
654,74.0
655,170.0
656,80.0
657,193.0
658,19.0
659,80.0
660,354.0
661,490.0
662,264.0
663,17.0
664,292.0
665,197.0
666,19.0
667,41.0
668,27.0
669,976.0
670,585.0
671,329.0
672,349.0
673,15.0
674,13.0
675,13.0
676,26.0
677,316.0
678,11.0
679,59.0
680,97.0
681,1451.0
682,139.0
683,2.0
684,9.0
685,17.0
686,19.0
687,11.0
688,20.0
689,16.0
690,35.0
691,700.0
692,134.0
693,667.0
694,533.0
695,26.0
696,5.0
697,109.0
698,137.0
699,164.0
700,292.0
701,114.0
702,349.0
703,1527.0
704,547.0
705,117.0
706,597.0
707,1415.0
708,214.0
709,48.0
710,90.0
711,424.0
712,102.0
713,163.0
714,513.0
715,11.0
716,319.0
717,319.0
718,224.0
719,82.0
720,410.0
721,471.0
722,87.0
723,76.0
724,672.0
725,208.0
726,59.0
727,80.0
728,267.0
729,101.0
730,116.0
731,392.0
732,751.0
733,238.0
734,167.0
735,36.0
736,27.0
737,45.0
738,1266.0
739,3653.0
740,367.0
741,50.0
742,84.0
743,131.0
744,245.0
745,349.0
746,15.0
747,25.0
748,21.0
749,39.0
750,8.0
751,130.0
752,90.0
753,73.0
754,438.0
755,683.0
756,154.0
757,193.0
758,182.0
759,67.0
760,453.0
761,166.0
762,439.0
763,142.0
764,815.0
765,195.0
766,10.0
767,359.0
768,20.0
769,11.0
770,170.0
771,12.0
772,560.0
773,252.0
774,272.0
775,10105.0
776,65.0
777,950.0
778,138.0
779,74.0
780,842.0
781,346.0
782,1700.0
783,2612.0
784,390.0
785,1730.0
786,3856.0
787,1129.0
788,208.0
789,70.0
790,614.0
791,91.0
792,311.0
793,791.0
794,4828.0
795,1397.0
796,9.0
797,49.0
798,28.0
799,149.0
800,81.0
801,17.0
802,80.0
803,66.0
804,62.0
805,17.0
806,11.0
807,112.0
808,31.0
809,55.0
810,27.0
811,410.0
812,93.0
813,17.0
814,11.0
815,188.0
816,17.0
817,18.0
818,18.0
819,14.0
820,284.0
821,85.0
822,10.0
823,36.0
824,23.0
825,8.0
826,53.0
827,68.0
828,15.0
829,30.0
830,151.0
831,70.0
832,132.0
833,81.0
834,184.0
835,74.0
836,31.0
837,33.0
838,22.0
839,13.0
840,74.0
841,56.0
842,87.0
843,498.0
844,48.0
845,181.0
846,177.0
847,8.0
848,47.0
849,360.0
850,36.0
851,101.0
852,129.0
853,100.0
854,150.0
855,40.0
856,7.0
857,289.0
858,4.0
859,15.0
860,7.0
861,32.0
862,103.0
863,13.0
864,17.0
865,783.0
866,59.0
867,136.0
868,12.0
869,186.0
870,63.0
871,61.0
872,172.0
873,181.0
874,22.0
875,100.0
876,77.0
877,140.0
878,301.0
879,189.0
880,1.0
881,61.0
882,248.0
883,346.0
884,421.0
885,321.0
886,1208.0
887,231.0
888,404.0
889,1721.0
890,235.0
891,4561.0
892,139.0
893,596.0
894,233.0
895,354.0
896,372.0
897,2085.0
898,167.0
899,21.0
900,289.0
901,177.0
902,8.0
903,204.0
904,205.0
905,568.0
906,91.0
907,309.0
908,227.0
909,136.0
910,114.0
911,40.0
912,17.0
913,27.0
914,23.0
915,92.0
916,287.0
917,19.0
918,15.0
919,576.0
920,95.0
921,101.0
922,39.0
923,17.0
924,2.0
925,26.0
926,81.0
927,250.0
928,8.0
929,54.0
930,22.0
931,136.0
932,5.0
933,314.0
934,48.0
935,466.0
936,122.0
937,102.0
938,405.0
939,808.0
940,46.0
941,316.0
942,95.0
943,33.0
944,32.0
945,18.0
946,189.0
947,281.0
948,97.0
949,160.0
950,78.0
951,207.0
952,329.0
953,76.0
954,49.0
955,28.0
956,685.0
957,598.0
958,187.0
959,431.0
960,10.0
961,216.0
962,872.0
963,152.0
964,431.0
965,177.0
966,219.0
967,356.0
968,21.0
969,86.0
970,90.0
971,14.0
972,177.0
973,59.0
974,21.0
975,262.0
976,75.0
977,132.0
978,121.0
979,136.0
980,184.0
981,69.0
982,5.0
983,11.0
984,89.0
985,254.0
986,9.0
987,7.0
988,12.0
989,176.0
990,57.0
991,97.0
992,575.0
993,817.0
994,150.0
995,290.0
996,233.0
997,97.0
998,421.0
999,1062.0
1000,46.0
1001,56.0
1002,429.0
1003,18.0
1004,2.0
1005,7280.0
1006,159.0
1007,371.0
1008,110.0
1009,26.0
1010,222.0
1011,433.0
1012,457.0
1013,869.0
1014,177.0
1015,27.0
1016,33.0
1017,26.0
1018,58.0
1019,21.0
1020,66.0
1021,121.0
1022,71.0
1023,1264.0
1024,817.0
1025,795.0
1026,133.0
1027,152.0
1028,88.0
1029,16.0
1030,614.0
1031,155.0
1032,527.0
1033,43.0
1034,19.0
1035,16.0
1036,21.0
1037,404.0
1038,210.0
0,8.0
1,92.0
2,11.0
3,120.0
4,96.0
5,13.0
6,200.0
7,19.0
8,146.0
9,85.0
10,313.0
11,9.0
12,45.0
13,5.0
14,57.0
15,6.0
16,19.0
17,3.0
18,26.0
19,4.0
20,4.0
21,12.0
22,32.0
23,110.0
24,8.0
25,608.0
26,162.0
27,38.0
28,265.0
29,216.0
30,10.0
31,85.0
32,43.0
33,20.0
34,420.0
35,5.0
36,178.0
37,281.0
38,142.0
39,60.0
40,13.0
41,643.0
42,1510.0
43,66.0
44,56.0
45,281.0
46,211.0
47,29.0
48,12.0
49,32.0
50,42.0
51,44.0
52,3.0
53,24.0
54,98.0
55,144.0
56,19.0
57,259.0
58,274.0
59,110.0
60,31.0
61,16.0
62,37.0
63,20.0
64,162.0
65,13.0
66,7.0
67,56.0
68,139.0
69,39.0
70,85.0
71,180.0
72,68.0
73,22.0
74,42.0
75,29.0
76,43.0
77,20.0
78,2.0
79,27.0
80,66.0
81,16.0
82,79.0
83,9.0
84,1.0
85,1.0
86,12.0
87,29.0
88,31.0
89,366.0
90,2.0
91,8.0
92,56.0
93,8.0
94,17.0
95,55.0
96,35.0
97,4.0
98,37.0
99,26.0
100,16.0
101,99.0
102,12.0
103,31.0
104,17.0
105,131.0
106,14.0
107,33.0
108,66.0
109,44.0
110,48.0
111,13.0
112,10.0
113,92.0
114,40.0
115,90.0
116,46.0
117,27.0
118,60.0
119,1019.0
120,21.0
121,36.0
122,18.0
123,164.0
124,227.0
125,157.0
126,112.0
127,16.0
128,3.0
129,75.0
130,16.0
131,28.0
132,34.0
133,27.0
134,38.0
135,21.0
136,67.0
137,51.0
138,11.0
139,21.0
140,417.0
141,32.0
142,17.0
143,17.0
144,132.0
145,3.0
146,115.0
147,20.0
148,23.0
149,425.0
150,24.0
151,73.0
152,18.0
153,139.0
154,29.0
155,72.0
156,26.0
157,169.0
158,2.0
159,16.0
160,108.0
161,8.0
162,28.0
163,282.0
164,106.0
165,181.0
166,179.0
167,58.0
168,224.0
169,38.0
170,6.0
171,52.0
172,46.0
173,44.0
174,128.0
175,406.0
176,101.0
177,73.0
178,183.0
179,499.0
180,439.0
181,10.0
182,17.0
183,58.0
184,251.0
185,531.0
186,33.0
187,17.0
188,133.0
189,4.0
190,2.0
191,10.0
192,114.0
193,42.0
194,32.0
195,20.0
196,155.0
197,57.0
198,162.0
199,150.0
200,763.0
201,152.0
202,13.0
203,130.0
204,41.0
205,2.0
206,52.0
207,20.0
208,38.0
209,76.0
210,3.0
211,430.0
212,116.0
213,107.0
214,60.0
215,5.0
216,280.0
217,3.0
218,30.0
219,7.0
220,125.0
221,9.0
222,161.0
223,139.0
224,47.0
225,57.0
226,41.0
227,18.0
228,13.0
229,89.0
230,22.0
231,30.0
232,44.0
233,5.0
234,173.0
235,451.0
236,42.0
237,435.0
238,25.0
239,16.0
240,139.0
241,8.0
242,423.0
243,23.0
244,27.0
245,9.0
246,16.0
247,2.0
248,44.0
249,4.0
250,550.0
251,329.0
252,165.0
253,2245.0
254,161.0
255,165.0
256,220.0
257,959.0
258,1307.0
259,377.0
260,1.0
261,31.0
262,1081.0
263,881.0
264,20.0
265,5.0
266,579.0
267,637.0
268,2408.0
269,371.0
270,566.0
271,107.0
272,257.0
273,22.0
274,46.0
275,22.0
276,29.0
277,12.0
278,31.0
279,65.0
280,48.0
281,539.0
282,2.0
283,36.0
284,10.0
285,24.0
286,211.0
287,75.0
288,20.0
289,89.0
290,259.0
291,47.0
292,66.0
293,315.0
294,65.0
295,957.0
296,15.0
297,8.0
298,141.0
299,311.0
300,134.0
301,103.0
302,70.0
303,170.0
304,48.0
305,193.0
306,46.0
307,88.0
308,59.0
309,609.0
310,109.0
311,96.0
312,146.0
313,27.0
314,31.0
315,116.0
316,28.0
317,14.0
318,54.0
319,18.0
320,172.0
321,46.0
322,190.0
323,43.0
324,16.0
325,1191.0
326,19.0
327,7.0
328,165.0
329,32.0
330,148.0
331,19.0
332,36.0
333,102.0
334,788.0
335,6.0
336,416.0
337,9199.0
338,2.0
339,583.0
340,3903.0
341,68.0
342,43.0
343,91.0
344,24.0
345,105.0
346,122.0
347,45.0
348,42.0
349,77.0
350,8.0
351,75.0
352,79.0
353,33.0
354,1.0
355,164.0
356,242.0
357,73.0
358,7.0
359,84.0
360,29.0
361,54.0
362,16.0
363,54.0
364,49.0
365,174.0
366,409.0
367,26.0
368,227.0
369,15.0
370,34.0
371,93.0
372,34.0
373,2.0
374,248.0
375,97.0
376,20.0
377,17.0
378,2.0
379,149.0
380,628.0
381,229.0
382,805.0
383,82.0
384,15.0
385,125.0
386,7.0
387,515.0
388,282.0
389,38.0
390,23.0
391,126.0
392,17.0
393,136.0
394,30.0
395,21.0
396,126.0
397,374.0
398,1623.0
399,5.0
400,15.0
401,18.0
402,18.0
403,112.0
404,167.0
405,91.0
406,35.0
407,13.0
408,49.0
409,23.0
410,75.0
411,5.0
412,82.0
413,169.0
414,30.0
415,55.0
416,114.0
417,352.0
418,87.0
419,5.0
420,30.0
421,108.0
422,923.0
423,156.0
424,3193.0
425,488.0
426,550.0
427,254.0
428,72.0
429,31.0
430,549.0
431,11.0
432,1637.0
433,16.0
434,412.0
435,415.0
436,56.0
437,96.0
438,228.0
439,20.0
440,616.0
441,319.0
442,93.0
443,121.0
444,57.0
445,87.0
446,331.0
447,276.0
448,405.0
449,8.0
450,149.0
451,72.0
452,404.0
453,403.0
454,92.0
455,127.0
456,2.0
457,27.0
458,94.0
459,20.0
460,64.0
461,76.0
462,5.0
463,9.0
464,41.0
465,128.0
466,375.0
467,397.0
468,40.0
469,34.0
470,5.0
471,39.0
472,27.0
473,18.0
474,17.0
475,49.0
476,87.0
477,19.0
478,10.0
479,53.0
480,16.0
481,20.0
482,1.0
483,17.0
484,34.0
485,152.0
486,58.0
487,33.0
488,9.0
489,107.0
490,3.0
491,10.0
492,5.0
493,9.0
494,31.0
495,34.0
496,11.0
497,17.0
498,1.0
499,50.0
500,42.0
501,18.0
502,24.0
503,16.0
504,20.0
505,41.0
506,41.0
507,20.0
508,52.0
509,17.0
510,70.0
511,15.0
512,21.0
513,3.0
514,85.0
515,210.0
516,103.0
517,14.0
518,105.0
519,87.0
520,15.0
521,41.0
522,32.0
523,38.0
524,284.0
525,15.0
526,5.0
527,121.0
528,33.0
529,50.0
530,683.0
531,26.0
532,28.0
533,77.0
534,61.0
535,2.0
536,10.0
537,11.0
538,13.0
539,1.0
540,9.0
541,1.0
542,7.0
543,6.0
544,15.0
545,9.0
546,42.0
547,26.0
548,12.0
549,11.0
550,28.0
551,14.0
552,12.0
553,26.0
554,17.0
555,52.0
556,8.0
557,25.0
558,29.0
559,18.0
560,54.0
561,34.0
562,56.0
563,119.0
564,9.0
565,29.0
566,497.0
567,191.0
568,279.0
569,206.0
570,73.0
571,49.0
572,43.0
573,338.0
574,12.0
575,321.0
576,1334.0
577,31.0
578,11.0
579,130.0
580,1811.0
581,29.0
582,14.0
583,64.0
584,844.0
585,35.0
586,8.0
587,20.0
588,62.0
589,26.0
590,121.0
591,17.0
592,39.0
593,25.0
594,21.0
595,30.0
596,37.0
597,10.0
598,23.0
599,83.0
600,73.0
601,88.0
602,16.0
603,126.0
604,4.0
605,4.0
606,90.0
607,59.0
608,236.0
609,6.0
610,21.0
611,21.0
612,8.0
613,28.0
614,9.0
615,13.0
616,96.0
617,2.0
618,18.0
619,29.0
620,51.0
621,19.0
622,27.0
623,20.0
624,12.0
625,2.0
626,2.0
627,2.0
628,15.0
629,48.0
630,185.0
631,224.0
632,52.0
633,29.0
634,37.0
635,40.0
636,319.0
637,57.0
638,19.0
639,33.0
640,52.0
641,55.0
642,15.0
643,1.0
644,24.0
645,4.0
646,3.0
647,14.0
648,26.0
649,18.0
650,29.0
651,21.0
652,176.0
653,94.0
654,18.0
655,56.0
656,32.0
657,27.0
658,19.0
659,27.0
660,50.0
661,58.0
662,72.0
663,5.0
664,4.0
665,59.0
666,16.0
667,33.0
668,27.0
669,252.0
670,169.0
671,25.0
672,5.0
673,15.0
674,13.0
675,13.0
676,18.0
677,68.0
678,15.0
679,3.0
680,1.0
681,231.0
682,19.0
683,2.0
684,9.0
685,17.0
686,19.0
687,11.0
688,20.0
689,16.0
690,11.0
691,208.0
692,93.0
693,151.0
694,117.0
695,20.0
696,5.0
697,13.0
698,91.0
699,86.0
700,106.0
701,18.0
702,97.0
703,475.0
704,475.0
705,210.0
706,173.0
707,422.0
708,40.0
709,16.0
710,38.0
711,88.0
712,58.0
713,35.0
714,101.0
715,11.0
716,193.0
717,541.0
718,83.0
719,44.0
720,38.0
721,167.0
722,18.0
723,52.0
724,312.0
725,40.0
726,23.0
727,46.0
728,19.0
729,23.0
730,32.0
731,2.0
732,73.0
733,22.0
734,113.0
735,28.0
736,19.0
737,13.0
738,1521.0
739,1079.0
740,7.0
741,14.0
742,4.0
743,52.0
744,53.0
745,301.0
746,13.0
747,13.0
748,14.0
749,35.0
750,4.0
751,109.0
752,60.0
753,112.0
754,326.0
755,219.0
756,130.0
757,161.0
758,134.0
759,139.0
760,293.0
761,70.0
762,349.0
763,366.0
764,31.0
765,275.0
766,13.0
767,231.0
768,38.0
769,11.0
770,10.0
771,12.0
772,212.0
773,132.0
774,136.0
775,2665.0
776,69.0
777,326.0
778,58.0
779,26.0
780,762.0
781,346.0
782,590.0
783,1220.0
784,314.0
785,242.0
786,96.0
787,421.0
788,144.0
789,124.0
790,158.0
791,175.0
792,269.0
793,243.0
794,2508.0
795,1381.0
796,17.0
797,79.0
798,40.0
799,99.0
800,65.0
801,21.0
802,53.0
803,26.0
804,59.0
805,65.0
806,31.0
807,70.0
808,41.0
809,27.0
810,15.0
811,186.0
812,62.0
813,19.0
814,11.0
815,164.0
816,17.0
817,26.0
818,30.0
819,13.0
820,124.0
821,101.0
822,2.0
823,26.0
824,11.0
825,8.0
826,24.0
827,77.0
828,15.0
829,10.0
830,31.0
831,55.0
832,52.0
833,65.0
834,66.0
835,30.0
836,23.0
837,42.0
838,61.0
839,29.0
840,46.0
841,86.0
842,31.0
843,656.0
844,36.0
845,169.0
846,49.0
847,8.0
848,11.0
849,147.0
850,24.0
851,77.0
852,45.0
853,88.0
854,150.0
855,40.0
856,103.0
857,49.0
858,4.0
859,15.0
860,7.0
861,16.0
862,49.0
863,13.0
864,9.0
865,375.0
866,61.0
867,6.0
868,42.0
869,87.0
870,229.0
871,121.0
872,124.0
873,37.0
874,16.0
875,20.0
876,67.0
877,80.0
878,133.0
879,165.0
880,1.0
881,88.0
882,136.0
883,304.0
884,203.0
885,181.0
886,700.0
887,135.0
888,164.0
889,1929.0
890,55.0
891,2529.0
892,31.0
893,478.0
894,215.0
895,238.0
896,478.0
897,1917.0
898,199.0
899,3.0
900,13.0
901,247.0
902,42.0
903,48.0
904,51.0
905,301.0
906,57.0
907,37.0
908,151.0
909,90.0
910,16.0
911,22.0
912,17.0
913,19.0
914,9.0
915,52.0
916,183.0
917,28.0
918,23.0
919,342.0
920,56.0
921,53.0
922,23.0
923,81.0
924,2.0
925,26.0
926,72.0
927,115.0
928,8.0
929,6.0
930,48.0
931,56.0
932,5.0
933,42.0
934,40.0
935,206.0
936,158.0
937,102.0
938,309.0
939,608.0
940,10.0
941,100.0
942,71.0
943,18.0
944,14.0
945,18.0
946,3.0
947,99.0
948,61.0
949,100.0
950,98.0
951,167.0
952,487.0
953,48.0
954,47.0
955,83.0
956,323.0
957,304.0
958,11.0
959,341.0
960,10.0
961,40.0
962,600.0
963,190.0
964,279.0
965,105.0
966,75.0
967,288.0
968,155.0
969,58.0
970,32.0
971,10.0
972,201.0
973,13.0
974,17.0
975,230.0
976,69.0
977,28.0
978,130.0
979,48.0
980,34.0
981,29.0
982,5.0
983,49.0
984,11.0
985,98.0
986,37.0
987,7.0
988,12.0
989,32.0
990,1.0
991,105.0
992,242.0
993,727.0
994,6.0
995,214.0
996,141.0
997,81.0
998,262.0
999,262.0
1000,46.0
1001,94.0
1002,5.0
1003,12.0
1004,2.0
1005,64.0
1006,150.0
1007,271.0
1008,23.0
1009,35.0
1010,125.0
1011,415.0
1012,187.0
1013,1041.0
1014,121.0
1015,29.0
1016,17.0
1017,19.0
1018,12.0
1019,33.0
1020,6.0
1021,7.0
1022,19.0
1023,696.0
1024,685.0
1025,275.0
1026,49.0
1027,581.0
1028,32.0
1029,14.0
1030,554.0
1031,55.0
1032,259.0
1033,31.0
1034,5.0
1035,16.0
1036,5.0
1037,372.0
1038,116.0
0,12.0
1,40.0
2,11.0
3,14.0
4,25.0
5,55.0
6,32.0
7,19.0
8,82.0
9,22.0
10,37.0
11,9.0
12,67.0
13,5.0
14,3.0
15,6.0
16,1.0
17,3.0
18,28.0
19,4.0
20,4.0
21,2.0
22,38.0
23,242.0
24,8.0
25,64.0
26,10.0
27,110.0
28,991.0
29,162.0
30,10.0
31,123.0
32,23.0
33,20.0
34,1020.0
35,5.0
36,34.0
37,233.0
38,190.0
39,108.0
40,13.0
41,403.0
42,850.0
43,34.0
44,144.0
45,65.0
46,127.0
47,13.0
48,12.0
49,20.0
50,14.0
51,32.0
52,156.0
53,54.0
54,86.0
55,144.0
56,172.0
57,171.0
58,400.0
59,2.0
60,7.0
61,4.0
62,5.0
63,20.0
64,240.0
65,37.0
66,3.0
67,328.0
68,27.0
69,28.0
70,40.0
71,16.0
72,41.0
73,25.0
74,30.0
75,11.0
76,35.0
77,4.0
78,1202.0
79,15.0
80,81.0
81,16.0
82,115.0
83,25.0
84,1.0
85,1.0
86,12.0
87,101.0
88,19.0
89,198.0
90,2.0
91,8.0
92,4.0
93,8.0
94,17.0
95,39.0
96,7.0
97,4.0
98,9.0
99,32.0
100,28.0
101,127.0
102,66.0
103,31.0
104,19.0
105,131.0
106,14.0
107,73.0
108,82.0
109,62.0
110,180.0
111,43.0
112,4.0
113,18.0
114,16.0
115,45.0
116,18.0
117,22.0
118,234.0
119,1195.0
120,69.0
121,12.0
122,240.0
123,124.0
124,125.0
125,265.0
126,151.0
127,16.0
128,3.0
129,723.0
130,24.0
131,22.0
132,10.0
133,27.0
134,2.0
135,25.0
136,31.0
137,51.0
138,11.0
139,485.0
140,349.0
141,176.0
142,17.0
143,17.0
144,4.0
145,19.0
146,13.0
147,20.0
148,15.0
149,57.0
150,24.0
151,49.0
152,48.0
153,43.0
154,11.0
155,36.0
156,6.0
157,89.0
158,82.0
159,16.0
160,30.0
161,88.0
162,4.0
163,306.0
164,346.0
165,205.0
166,443.0
167,18.0
168,170.0
169,20.0
170,126.0
171,28.0
172,142.0
173,36.0
174,44.0
175,102.0
176,23.0
177,229.0
178,24.0
179,107.0
180,907.0
181,34.0
182,49.0
183,18.0
184,95.0
185,139.0
186,25.0
187,47.0
188,109.0
189,4.0
190,2.0
191,10.0
192,62.0
193,32.0
194,20.0
195,20.0
196,47.0
197,27.0
198,82.0
199,30.0
200,395.0
201,160.0
202,73.0
203,70.0
204,41.0
205,2.0
206,32.0
207,60.0
208,188.0
209,172.0
210,9.0
211,250.0
212,388.0
213,11.0
214,76.0
215,5.0
216,32.0
217,3.0
218,18.0
219,7.0
220,49.0
221,9.0
222,67.0
223,87.0
224,33.0
225,24.0
226,26.0
227,10.0
228,13.0
229,71.0
230,126.0
231,60.0
232,18.0
233,5.0
234,35.0
235,151.0
236,20.0
237,7.0
238,5.0
239,12.0
240,7.0
241,5.0
242,107.0
243,15.0
244,7.0
245,9.0
246,16.0
247,2.0
248,14.0
249,4.0
250,370.0
251,379.0
252,137.0
253,2873.0
254,101.0
255,231.0
256,14.0
257,347.0
258,779.0
259,149.0
260,1.0
261,7.0
262,479.0
263,1089.0
264,2.0
265,5.0
266,87.0
267,175.0
268,1000.0
269,107.0
270,314.0
271,25.0
272,17.0
273,10.0
274,4.0
275,54.0
276,21.0
277,36.0
278,15.0
279,5.0
280,48.0
281,11.0
282,2.0
283,44.0
284,14.0
285,70.0
286,13.0
287,20.0
288,20.0
289,29.0
290,75.0
291,27.0
292,34.0
293,259.0
294,1.0
295,305.0
296,8.0
297,4.0
298,45.0
299,347.0
300,210.0
301,127.0
302,124.0
303,116.0
304,54.0
305,289.0
306,22.0
307,88.0
308,27.0
309,513.0
310,157.0
311,6.0
312,66.0
313,11.0
314,13.0
315,30.0
316,44.0
317,14.0
318,42.0
319,102.0
320,64.0
321,24.0
322,6.0
323,7.0
324,16.0
325,79.0
326,19.0
327,7.0
328,9.0
329,22.0
330,52.0
331,535.0
332,24.0
333,22.0
334,388.0
335,14.0
336,1152.0
337,4669.0
338,2.0
339,15.0
340,2223.0
341,17.0
342,35.0
343,11.0
344,11.0
345,69.0
346,34.0
347,49.0
348,12.0
349,5.0
350,8.0
351,15.0
352,33.0
353,17.0
354,1.0
355,122.0
356,38.0
357,5.0
358,7.0
359,13.0
360,3.0
361,14.0
362,16.0
363,84.0
364,49.0
365,18.0
366,89.0
367,114.0
368,51.0
369,39.0
370,94.0
371,37.0
372,34.0
373,2.0
374,158.0
375,65.0
376,8.0
377,15.0
378,2.0
379,69.0
380,49.0
381,145.0
382,245.0
383,10.0
384,15.0
385,205.0
386,7.0
387,203.0
388,218.0
389,18.0
390,27.0
391,92.0
392,25.0
393,98.0
394,58.0
395,17.0
396,6.0
397,20.0
398,1747.0
399,5.0
400,13.0
401,18.0
402,18.0
403,310.0
404,39.0
405,59.0
406,3.0
407,69.0
408,97.0
409,3.0
410,33.0
411,5.0
412,20.0
413,37.0
414,10.0
415,7.0
416,6.0
417,176.0
418,15.0
419,5.0
420,32.0
421,12.0
422,1227.0
423,432.0
424,2801.0
425,452.0
426,60.0
427,14.0
428,210.0
429,45.0
430,276.0
431,11.0
432,21.0
433,16.0
434,996.0
435,87.0
436,20.0
437,16.0
438,132.0
439,20.0
440,13.0
441,310.0
442,13.0
443,49.0
444,9.0
445,117.0
446,295.0
447,110.0
448,407.0
449,32.0
450,61.0
451,48.0
452,806.0
453,229.0
454,168.0
455,127.0
456,186.0
457,41.0
458,214.0
459,36.0
460,56.0
461,80.0
462,5.0
463,39.0
464,80.0
465,174.0
466,147.0
467,277.0
468,20.0
469,26.0
470,89.0
471,39.0
472,50.0
473,38.0
474,33.0
475,250.0
476,333.0
477,67.0
478,10.0
479,17.0
480,70.0
481,50.0
482,57.0
483,17.0
484,146.0
485,296.0
486,106.0
487,27.0
488,105.0
489,359.0
490,3.0
491,10.0
492,5.0
493,3.0
494,35.0
495,40.0
496,27.0
497,35.0
498,49.0
499,50.0
500,36.0
501,234.0
502,93.0
503,32.0
504,20.0
505,45.0
506,27.0
507,134.0
508,20.0
509,53.0
510,58.0
511,15.0
512,39.0
513,27.0
514,237.0
515,322.0
516,155.0
517,15.0
518,129.0
519,81.0
520,55.0
521,77.0
522,82.0
523,70.0
524,704.0
525,15.0
526,23.0
527,377.0
528,141.0
529,254.0
530,1527.0
531,44.0
532,60.0
533,65.0
534,13.0
535,2.0
536,6.0
537,11.0
538,13.0
539,513.0
540,9.0
541,73.0
542,63.0
543,6.0
544,47.0
545,9.0
546,26.0
547,62.0
548,30.0
549,71.0
550,36.0
551,14.0
552,32.0
553,29.0
554,17.0
555,36.0
556,8.0
557,47.0
558,107.0
559,18.0
560,118.0
561,114.0
562,227.0
563,80.0
564,9.0
565,35.0
566,1531.0
567,1315.0
568,476.0
569,560.0
570,37.0
571,29.0
572,51.0
573,233.0
574,144.0
575,265.0
576,3812.0
577,79.0
578,475.0
579,194.0
580,2739.0
581,107.0
582,65.0
583,230.0
584,2956.0
585,179.0
586,11.0
587,128.0
588,32.0
589,32.0
590,153.0
591,9.0
592,23.0
593,7.0
594,5.0
595,84.0
596,43.0
597,14.0
598,15.0
599,95.0
600,31.0
601,154.0
602,48.0
603,358.0
604,44.0
605,44.0
606,66.0
607,20.0
608,236.0
609,30.0
610,33.0
611,19.0
612,8.0
613,42.0
614,9.0
615,1.0
616,20.0
617,266.0
618,6.0
619,92.0
620,69.0
621,51.0
622,91.0
623,80.0
624,12.0
625,2.0
626,2.0
627,2.0
628,13.0
629,32.0
630,149.0
631,402.0
632,46.0
633,62.0
634,19.0
635,72.0
636,327.0
637,17.0
638,43.0
639,18.0
640,36.0
641,43.0
642,1615.0
643,11.0
644,38.0
645,2.0
646,3.0
647,44.0
648,266.0
649,26.0
650,38.0
651,29.0
652,608.0
653,510.0
654,74.0
655,42.0
656,50.0
657,27.0
658,19.0
659,77.0
660,526.0
661,434.0
662,96.0
663,13.0
664,94.0
665,179.0
666,19.0
667,27.0
668,35.0
669,340.0
670,145.0
671,227.0
672,141.0
673,35.0
674,277.0
675,15.0
676,14.0
677,28.0
678,17.0
679,27.0
680,1.0
681,647.0
682,31.0
683,2.0
684,25.0
685,17.0
686,19.0
687,11.0
688,20.0
689,16.0
690,15.0
691,184.0
692,21.0
693,159.0
694,317.0
695,20.0
696,5.0
697,49.0
698,67.0
699,104.0
700,34.0
701,100.0
702,175.0
703,1315.0
704,383.0
705,234.0
706,241.0
707,725.0
708,82.0
709,28.0
710,39.0
711,196.0
712,122.0
713,63.0
714,205.0
715,24.0
716,55.0
717,1324.0
718,83.0
719,68.0
720,186.0
721,383.0
722,54.0
723,244.0
724,240.0
725,244.0
726,55.0
727,78.0
728,243.0
729,49.0
730,44.0
731,464.0
732,286.0
733,38.0
734,152.0
735,92.0
736,19.0
737,253.0
738,903.0
739,1901.0
740,7.0
741,128.0
742,12.0
743,72.0
744,117.0
745,109.0
746,30.0
747,13.0
748,22.0
749,39.0
750,3.0
751,61.0
752,42.0
753,19.0
754,172.0
755,19.0
756,58.0
757,1.0
758,26.0
759,51.0
760,93.0
761,14.0
762,115.0
763,10.0
764,15.0
765,79.0
766,7.0
767,63.0
768,20.0
769,11.0
770,10.0
771,12.0
772,20.0
773,12.0
774,64.0
775,751.0
776,29.0
777,66.0
778,2.0
779,2.0
780,98.0
781,58.0
782,206.0
783,452.0
784,34.0
785,50.0
786,736.0
787,253.0
788,16.0
789,20.0
790,50.0
791,19.0
792,15.0
793,59.0
794,624.0
795,85.0
796,1.0
797,19.0
798,16.0
799,31.0
800,9.0
801,13.0
802,29.0
803,2.0
804,44.0
805,29.0
806,19.0
807,20.0
808,15.0
809,35.0
810,12.0
811,18.0
812,19.0
813,8.0
814,11.0
815,12.0
816,17.0
817,2.0
818,6.0
819,7.0
820,8.0
821,49.0
822,2.0
823,10.0
824,11.0
825,8.0
826,18.0
827,17.0
828,15.0
829,5.0
830,15.0
831,19.0
832,53.0
833,33.0
834,50.0
835,50.0
836,13.0
837,14.0
838,25.0
839,14.0
840,6.0
841,20.0
842,11.0
843,202.0
844,18.0
845,65.0
846,13.0
847,8.0
848,1.0
849,30.0
850,16.0
851,5.0
852,21.0
853,24.0
854,126.0
855,8.0
856,117.0
857,65.0
858,4.0
859,15.0
860,135.0
861,14.0
862,9.0
863,13.0
864,9.0
865,33.0
866,43.0
867,4.0
868,12.0
869,21.0
870,49.0
871,31.0
872,36.0
873,22.0
874,16.0
875,20.0
876,51.0
877,20.0
878,31.0
879,15.0
880,13.0
881,46.0
882,70.0
883,64.0
884,85.0
885,101.0
886,304.0
887,81.0
888,38.0
889,913.0
890,97.0
891,1141.0
892,7.0
893,146.0
894,43.0
895,110.0
896,30.0
897,609.0
898,13.0
899,33.0
900,103.0
901,101.0
902,14.0
903,18.0
904,11.0
905,34.0
906,29.0
907,173.0
908,91.0
909,22.0
910,4.0
911,17.0
912,49.0
913,19.0
914,9.0
915,10.0
916,79.0
917,10.0
918,15.0
919,27.0
920,20.0
921,29.0
922,7.0
923,17.0
924,2.0
925,8.0
926,21.0
927,73.0
928,6.0
929,22.0
930,2.0
931,8.0
932,35.0
933,42.0
934,12.0
935,62.0
936,62.0
937,246.0
938,9.0
939,184.0
940,10.0
941,36.0
942,17.0
943,12.0
944,6.0
945,18.0
946,6.0
947,81.0
948,19.0
949,34.0
950,2.0
951,51.0
952,137.0
953,24.0
954,7.0
955,16.0
956,61.0
957,16.0
958,3.0
959,49.0
960,10.0
961,64.0
962,360.0
963,64.0
964,111.0
965,45.0
966,19.0
967,8.0
968,17.0
969,26.0
970,34.0
971,10.0
972,49.0
973,37.0
974,15.0
975,6.0
976,15.0
977,20.0
978,28.0
979,8.0
980,26.0
981,9.0
982,5.0
983,5.0
984,11.0
985,18.0
986,7.0
987,37.0
988,12.0
989,62.0
990,1.0
991,49.0
992,92.0
993,40.0
994,8.0
995,70.0
996,45.0
997,33.0
998,187.0
999,26.0
1000,6.0
1001,30.0
1002,73.0
1003,3.0
1004,2.0
1005,20.0
1006,48.0
1007,15.0
1008,20.0
1009,26.0
1010,56.0
1011,289.0
1012,73.0
1013,381.0
1014,45.0
1015,21.0
1016,11.0
1017,14.0
1018,30.0
1019,7.0
1020,6.0
1021,17.0
1022,15.0
1023,220.0
1024,325.0
1025,107.0
1026,41.0
1027,25.0
1028,16.0
1029,20.0
1030,344.0
1031,27.0
1032,19.0
1033,7.0
1034,1.0
1035,16.0
1036,9.0
1037,12.0
1038,12.0
