,predictions
0,4.142186
1,7.276825
2,-14.605286
3,-2.3935947
4,1.6706715
5,24.755959
6,92.86607
7,23.65319
8,316.57898
9,182.70773
10,157.80371
11,-20.836708
12,-14.110897
13,-42.89987
14,39.39218
15,-4.0628395
16,3.1828308
17,0.3316126
18,11.817432
19,2.589749
20,-23.792606
21,0.891737
22,-6.9058113
23,-110.263885
24,15.141983
25,207.18378
26,81.37905
27,7.0879974
28,63.55432
29,20.64421
30,-21.535648
31,32.6604
32,-12.988472
33,11.869003
34,109.92285
35,-15.548691
36,-52.289917
37,804.1087
38,877.314
39,434.65424
40,153.00568
41,408.99542
42,-196.07825
43,48.170174
44,126.71234
45,-0.10005188
46,630.83844
47,551.3964
48,5.7850723
49,-39.798477
50,15.201015
51,-127.415405
52,-15.26976
53,-63.069153
54,63.348816
55,131.42456
56,-14.73085
57,807.3341
58,-963.4844
59,-117.1279
60,-23.595009
61,-0.8164253
62,-0.6827736
63,20.0
64,24.095993
65,5.211006
66,-5.7039623
67,-6.024597
68,24.353676
69,6.312828
70,4.0
71,16.0
72,5.0
73,-10.524521
74,-2.2947388
75,5.1043625
76,-4.8149567
77,2.8916702
78,1110.167
79,4.78341
80,15.0
81,16.0
82,16.428772
83,-0.4208126
84,1.0
85,1.0
86,5.3500576
87,11.0
88,15.0
89,22.910187
90,-2.059606
91,5.783358
92,-2.1064072
93,1.76723
94,15.111523
95,1.6754227
96,6.6630077
97,3.5844016
98,-3.2849503
99,-14.749332
100,4.0629444
101,5.227783
102,7.214965
103,9.046805
104,-0.7845087
105,-29.970001
106,9.176538
107,-13.459236
108,-0.6767502
109,-1.5329704
110,-19.81836
111,0.48376846
112,-5.9712944
113,18.0
114,16.0
115,15.0
116,12.210781
117,7.410655
118,-31.246017
119,-810.9568
120,-44.562416
121,12.0
122,-78.96074
123,5.9273243
124,-19.675804
125,-112.71033
126,-15.946533
127,-82.68903
128,-18.286041
129,-18.093163
130,7.6751995
131,-5.6010075
132,5.026912
133,15.517566
134,-6.909543
135,30.713852
136,16.412766
137,-16.107277
138,-6.964203
139,192.01166
140,206.49048
141,141.13525
142,11.037046
143,-1.7732601
144,-30.154282
145,-13.42445
146,-19.921272
147,10.851902
148,-15.166748
149,1.905283
150,-11.913593
151,-64.5679
152,-7.420845
153,-1.817503
154,4.718295
155,6.082693
156,3.4197106
157,-26.51889
158,62.201294
159,102.15958
160,-14.515579
161,109.31958
162,4.0
163,-90.441635
164,305.168
165,85.134964
166,561.65845
167,23.487526
168,297.28442
169,-17.17278
170,-14.153072
171,-47.071747
172,-22.618996
173,-8.036591
174,101.33759
175,1131.0493
176,34.413994
177,-25.175934
178,-38.559387
179,326.33356
180,931.95264
181,30.465431
182,65.65735
183,-2.994728
184,-19.03717
185,-81.30269
186,-22.057018
187,-33.467308
188,-94.120056
189,-11.570221
190,-20.16659
191,-2573.919
192,-80.22264
193,-5.135935
194,26.704407
195,29.236977
196,-32.96707
197,-2.0281887
198,-16.066307
199,99.244606
200,453.44965
201,109.89526
202,59.59439
203,101.031425
204,-89.31282
205,-30.251461
206,-59.376823
207,20.0
208,94.13672
209,120.01842
210,73.28875
211,282.579
212,143.67216
213,15.37429
214,42.035973
215,-8.2085
216,-1272.4923
217,-64.60402
218,41.60852
219,7.0
220,150.88164
221,134.51929
222,90.75624
223,38.647118
224,22.815437
225,32.728325
226,37.93357
227,-0.7347069
228,12.637573
229,0.2674713
230,100.210556
231,49.528877
232,18.07475
233,-15.259861
234,-2.2585564
235,70.92003
236,15.792218
237,41.3143
238,1.7617054
239,12.0
240,31.765854
241,2.9093819
242,110.27616
243,12.107206
244,11.289503
245,4.9457016
246,11.962969
247,0.3564849
248,-30.639938
249,75.29321
250,133.00272
251,128.54172
252,10.796143
253,655.8745
254,-33.362907
255,21.537155
256,24.516373
257,445.53857
258,1044.186
259,284.0415
260,91.937
261,21.391508
262,690.9039
263,477.90076
264,21.471466
265,-61.783813
266,25.022095
267,135.54446
268,891.3197
269,88.779816
270,63.135178
271,8.0698395
272,-36.63806
273,8.529781
274,0.4444008
275,6.0
276,13.0
277,6.0
278,12.185974
279,-1.5190907
280,19.419058
281,1.6593475
282,2.0
283,20.0
284,6.0
285,-4.7554054
286,-0.64728546
287,22.191275
288,20.0
289,12.213673
290,-7.099663
291,12.099304
292,3.3789139
293,-38.006973
294,-4.2266817
295,-44.95189
296,7.484424
297,-9.81786
298,-29.341759
299,-13.548401
300,3.5064082
301,-5.66531
302,-2.4306679
303,20.135414
304,-32.20186
305,-289.2611
306,-24.934166
307,21.789795
308,12.933027
309,215.33841
310,56.81405
311,19.952187
312,39.60723
313,11.679714
314,-2.1266866
315,1.513691
316,-11.079609
317,2.70018
318,-19.01078
319,30.089401
320,64.9991
321,-10.923344
322,-13.691719
323,-146.21025
324,-10.572418
325,103.42114
326,12.282923
327,27.481346
328,13.6241
329,7.878536
330,-149.37622
331,-34.850677
332,-7.850525
333,-9.636208
334,-25.918278
335,-0.6200752
336,103.57657
337,1991.2424
338,-31.52309
339,5.4765778
340,1182.884
341,22.090881
342,-3.1186256
343,20.471268
344,5.750435
345,-96.39377
346,52.981567
347,23.397812
348,8.819067
349,-2.6246033
350,136.5198
351,-25.59346
352,24.254097
353,-0.33750916
354,-45.263588
355,27.612183
356,71.810135
357,4.6984253
358,4.6233177
359,8.0781555
360,-10.505266
361,37.69158
362,16.0
363,12.0
364,19.0
365,0.5325813
366,67.116455
367,9.599407
368,4.4585495
369,51.030014
370,-32.865448
371,5.8202076
372,-66.708466
373,-4.798256
374,37.290894
375,13.0
376,-0.05548477
377,9.79604
378,-514.3556
379,3.6190872
380,80.34128
381,1.0
382,274.6919
383,-2.270279
384,13.237087
385,-30.766758
386,3.8437881
387,71.15181
388,7.4937744
389,10.211395
390,3.0
391,37.192303
392,9.0
393,16.591953
394,2.8819008
395,38.56154
396,-4.320467
397,27.93686
398,-226.47238
399,-63.19165
400,-0.4066925
401,-3.445984
402,12.920021
403,-20.00793
404,7.0
405,140.90323
406,29.889004
407,-16.233307
408,-8.933334
409,-0.037391663
410,4.494932
411,-2.9533825
412,32.616707
413,46.261787
414,9.035381
415,6.897438
416,64.37137
417,-18.51281
418,-2.8395004
419,3.891737
420,9.740465
421,-5.3704853
422,-21.357784
423,1.0979409
424,510.2063
425,56.752594
426,62.54348
427,16.416595
428,12.616047
429,4.714878
430,12.0
431,-14.19162
432,60.85498
433,14.384857
434,181.3852
435,64.4644
436,-1.3548965
437,31.192032
438,-0.29532528
439,10.612995
440,13.0
441,72.50073
442,8.987289
443,28.722122
444,10.459007
445,41.90775
446,-16.948044
447,30.932022
448,-228.27286
449,-10.749428
450,-115.82901
451,11.418472
452,852.8021
453,243.62543
454,162.84618
455,-401.32275
456,-45.07057
457,-19.715214
458,2.2789154
459,-5.8903236
460,32.15213
461,15.2574005
462,-19.437897
463,62.72084
464,31.341755
465,130.9016
466,93.594826
467,86.585175
468,17.242615
469,19.810497
470,-1.4309883
471,-19.195194
472,22.059097
473,16.848782
474,19.953514
475,62.3907
476,80.76289
477,7.0
478,6.0
479,5.0
480,28.79383
481,20.901657
482,66.936035
483,31.45131
484,-55.655594
485,242.84004
486,-17.464401
487,-20.093365
488,9.0
489,295.27646
490,-2.980051
491,-1.3311157
492,3.61467
493,-1.8558602
494,13.0
495,-6.4423294
496,5.7774487
497,13.693409
498,24.402592
499,9.6730385
500,12.289162
501,90.21268
502,66.48811
503,9.708775
504,-0.10236168
505,0.8614578
506,15.901723
507,19.527054
508,5.7781982
509,-2.2801743
510,7.320282
511,12.198472
512,-28.341034
513,-16.199593
514,-30.17083
515,-13.346313
516,27.201782
517,-0.8785744
518,-52.692924
519,-19.235561
520,-15.564259
521,65.33206
522,-16.768696
523,-2.1099396
524,7.310486
525,13.212903
526,5.0
527,-70.631294
528,-16.7108
529,-15.308548
530,-73.800476
531,4.409931
532,0.87970734
533,-15.790443
534,-5.950592
535,-4.047456
536,3.313776
537,10.532705
538,7.02137
539,-25.969208
540,7.9226074
541,-17.076393
542,-76.67255
543,1.295454
544,-37.51645
545,6.783473
546,6.4152718
547,28.134548
548,11.202084
549,10.860987
550,0.7705307
551,9.79462
552,-26.46494
553,40.997395
554,-249.0122
555,3.5800323
556,-115.271286
557,35.60187
558,76.015854
559,9.072236
560,11.534122
561,101.88335
562,167.10538
563,48.5768
564,12.484325
565,12.82435
566,632.53986
567,402.3354
568,326.97668
569,358.45657
570,-21.840157
571,-27.482052
572,-6.3006096
573,-99.376465
574,-25.862976
575,64.40088
576,1044.5548
577,4.6040306
578,-16.675697
579,-44.290985
580,488.76062
581,37.91563
582,-18.875916
583,48.074318
584,649.2731
585,-8.0433655
586,7.0907297
587,13.940926
588,58.768936
589,42.286766
590,96.4813
591,-4.6460094
592,2.7839546
593,-0.21167088
594,-0.2185154
595,-19.095661
596,-3.2297897
597,4.9571056
598,0.46200085
599,22.529736
600,-12.078289
601,-89.48845
602,-62.829636
603,-17.428162
604,38.41502
605,11.9412
606,-43.54814
607,17.552494
608,26.328857
609,-1.0097837
610,2.0791874
611,18.002495
612,4.5848656
613,50.418915
614,-56.63244
615,-38.068005
616,8.0
617,42.932648
618,-36.290127
619,-10.020973
620,200.68808
621,-31.31768
622,-17.039131
623,-13.586292
624,2.4048252
625,-18.032562
626,-4.680008
627,-68.00009
628,11.610051
629,24.272724
630,-8.446091
631,304.0996
632,59.905266
633,15.916233
634,44.028748
635,-5.658951
636,39.43158
637,17.0
638,-5.1558304
639,11.899005
640,-9.617012
641,-27.267292
642,4.0630608
643,6.1957836
644,6.6893234
645,-49.09163
646,3.0
647,42.006554
648,-55.856155
649,31.381409
650,37.86206
651,14.411086
652,197.40009
653,232.55432
654,25.194756
655,110.8957
656,32.999058
657,-28.02377
658,19.0
659,78.810616
660,243.09879
661,258.23914
662,97.262115
663,5.0
664,-125.69464
665,0.5746422
666,7.9463186
667,7.9154844
668,-0.07134724
669,-175.74768
670,136.0637
671,-31.299377
672,-68.45379
673,-1.2375221
674,-53.457535
675,10.892791
676,13.147216
677,4.045067
678,11.946945
679,19.564148
680,1.0
681,697.8912
682,19.0
683,2.0
684,9.0
685,17.0
686,19.0
687,11.0
688,18.80761
689,-30.468903
690,-0.61223125
691,-112.18892
692,21.89706
693,275.52084
694,-90.343124
695,-57.66687
696,-2.4831476
697,-12.125437
698,-14.685249
699,-25.02164
700,-13.388435
701,-7.625107
702,158.11734
703,1007.4264
704,-32.258545
705,7.667198
706,288.54556
707,716.5873
708,101.91692
709,8.100658
710,-3.9756165
711,-93.833374
712,-5.403393
713,-10.588696
714,-33.4066
715,1.2567978
716,-32.559166
717,-465.12073
718,-28.615196
719,4.3825245
720,-11.051994
721,-23.003273
722,12.660188
723,44.557274
724,249.27722
725,60.041515
726,24.510695
727,26.219353
728,-52.325996
729,-37.768715
730,16.0
731,8.075851
732,247.19852
733,100.78897
734,105.18357
735,27.126919
736,15.612274
737,34.357304
738,-92.45746
739,-212.04056
740,7.0
741,62.82569
742,4.0
743,95.716545
744,159.81143
745,109.511475
746,13.002257
747,11.185766
748,15.0354595
749,19.253368
750,2.7741947
751,35.648712
752,28.277908
753,-243.005
754,11.880127
755,-51.753586
756,-9.145187
757,131.30414
758,115.719765
759,78.05754
760,330.78506
761,112.3494
762,288.49487
763,122.79329
764,-1.802185
765,99.181175
766,4.287374
767,141.3081
768,18.732702
769,10.996827
770,6.7963614
771,9.4376545
772,86.54115
773,66.69911
774,39.039047
775,93.65234
776,-5.0892506
777,6.187958
778,4.5840683
779,-141.29956
780,714.0255
781,207.0597
782,992.6072
783,2035.8938
784,159.9262
785,451.38516
786,-201.30676
787,907.18634
788,182.43282
789,36.467377
790,110.38016
791,45.11525
792,70.35545
793,181.50784
794,574.69415
795,345.7331
796,0.6637039
797,17.129173
798,16.0
799,73.68763
800,26.048733
801,10.725693
802,27.821
803,18.44941
804,2.0
805,17.0
806,11.0
807,55.540863
808,37.89714
809,52.93314
810,0.7963562
811,180.69714
812,17.61469
813,8.0
814,11.0
815,149.85504
816,17.0
817,-1.3247576
818,6.0
819,5.614686
820,8.0
821,17.0
822,0.61038005
823,9.085374
824,8.915545
825,6.954992
826,24.077763
827,22.171522
828,12.400688
829,1.3701267
830,-0.5585327
831,12.938398
832,16.854088
833,25.75911
834,18.437828
835,13.907192
836,3.378007
837,2.4587336
838,-7.96154
839,4.952308
840,29.81237
841,8.363248
842,4.9770308
843,42.960114
844,0.988163
845,-30.72269
846,-50.440918
847,4.9248857
848,-1.5994568
849,-54.580322
850,6.745243
851,-37.526306
852,9.177322
853,-16.96471
854,77.917244
855,11.167088
856,64.0544
857,155.00555
858,5.6161613
859,11.781662
860,-64.53397
861,9.78245
862,9.861708
863,9.41696
864,8.9140835
865,-3.9460182
866,58.58943
867,152.42903
868,-28.384773
869,-31.5657
870,-56.9881
871,94.63049
872,-1.7554741
873,-13.942238
874,6.476692
875,95.88491
876,-9.2677765
877,140.59381
878,245.7102
879,210.8608
880,153.22502
881,-16.355743
882,144.82803
883,310.97675
884,156.58913
885,306.9381
886,-214.93652
887,-32.670937
888,-34.91941
889,-283.05722
890,7.3535156
891,1308.0042
892,0.88700867
893,240.4628
894,137.62598
895,-48.540916
896,235.5552
897,1605.1576
898,-16.65342
899,-5.3491936
900,2.7080536
901,223.65083
902,18.060095
903,118.077354
904,99.30363
905,-106.65901
906,-22.351686
907,-35.2101
908,-27.557518
909,-13.061684
910,-18.672153
911,8.236622
912,38.10064
913,-2.592659
914,-4.527813
915,0.019733429
916,-29.639343
917,12.028851
918,14.209135
919,86.74539
920,71.10546
921,-1.4678345
922,0.9046202
923,17.0
924,28.206055
925,-3.0825176
926,-12.154469
927,165.98328
928,1.8517623
929,-16.05716
930,-4.8775043
931,-4.7171097
932,-0.09025669
933,-84.492096
934,-0.12566042
935,-54.57969
936,178.27396
937,129.21149
938,9.0
939,91.90596
940,41.38452
941,4.0
942,17.0
943,1.037838
944,2.5333405
945,9.942646
946,42.86965
947,-17.607899
948,49.620213
949,-33.15973
950,-34.343468
951,213.19255
952,-10.636658
953,7.757128
954,2.7698383
955,-5.347065
956,2.4708862
957,-46.638794
958,65.130066
959,364.91083
960,3.8570004
961,-42.949127
962,-254.68347
963,-392.0202
964,682.3213
965,145.92987
966,-1.8258286
967,-29.342987
968,62.289726
969,52.911884
970,5.4756346
971,-2.641203
972,1.0144424
973,5.829685
974,6.519346
975,2.2211533
976,10.522083
977,12.249868
978,1.1167622
979,-0.8650646
980,9.083885
981,-21.787998
982,3.8366737
983,-5.5233765
984,-7.1767426
985,-34.252205
986,-0.7071028
987,7.0
988,10.011656
989,6.9438686
990,-9.953629
991,32.7442
992,482.23807
993,-63.187714
994,69.650055
995,413.8828
996,145.40167
997,-14.741711
998,-52.16304
999,-121.88086
1000,-5.438877
1001,-5.142145
1002,-13.272572
1003,-2.0879345
1004,-39.10161
1005,-1048.1025
1006,-38.883118
1007,-38.123863
1008,66.61948
1009,28.70959
1010,7.2382984
1011,-15.270824
1012,129.67525
1013,682.2156
1014,67.311966
1015,31.740215
1016,53.148743
1017,4.8856564
1018,2.830227
1019,7.0
1020,6.291918
1021,56.34492
1022,14.416084
1023,783.7124
1024,679.0978
1025,459.10724
1026,86.32863
1027,-55.978004
1028,39.785683
1029,12.0
1030,756.19
1031,91.957794
1032,225.35129
1033,6.508629
1034,6.126238
1035,35.813446
1036,9.427359
1037,223.43192
1038,173.5591
0,4.068756
1,6.073395
2,-15.815186
3,-2.5748463
4,1.5239029
5,24.224289
6,92.09838
7,23.439802
8,309.04126
9,180.517
10,155.39072
11,-21.841202
12,-14.348473
13,-43.76647
14,38.198746
15,-4.242483
16,-0.4671936
17,0.21035194
18,11.477226
19,2.5709345
20,-24.141018
21,0.88055086
22,-7.304985
23,-113.1608
24,13.425827
25,203.81744
26,80.37369
27,6.4762344
28,54.851196
29,19.365631
30,-21.90578
31,31.04419
32,-13.554054
33,11.640926
34,26.736328
35,-16.756836
36,-56.999207
37,796.892
38,872.731
39,431.46472
40,150.70071
41,404.49695
42,-202.1098
43,47.445107
44,125.24217
45,-2.0312195
46,626.57874
47,547.7106
48,5.570303
49,-41.074783
50,14.923561
51,-130.53656
52,-16.698883
53,-69.6311
54,61.940613
55,128.42801
56,-15.089802
57,800.73706
58,-989.2046
59,-120.3913
60,-24.18599
61,-0.948679
62,-0.79957867
63,20.0
64,22.41806
65,4.629776
66,-5.964941
67,-7.8666534
68,23.375977
69,6.02005
70,4.0
71,16.0
72,5.0
73,-11.015011
74,-2.8636246
75,4.4662323
76,-5.5717926
77,2.8804884
78,1063.8535
79,4.761046
80,15.0
81,16.0
82,14.646027
83,-0.5158539
84,1.0
85,1.0
86,5.2829695
87,11.0
88,15.0
89,20.071564
90,-2.108459
91,5.760995
92,-2.5940208
93,1.6891356
94,15.091345
95,0.6520233
96,6.4626484
97,3.5802069
98,-3.4215775
99,-15.140347
100,3.9291801
101,3.4448395
102,7.136178
103,8.947873
104,-0.84498787
105,-32.264496
106,9.105962
107,-14.443146
108,-1.0023346
109,-1.9147339
110,-21.39003
111,0.13301086
112,-6.1158867
113,18.0
114,16.0
115,15.0
116,12.0725765
117,7.361535
118,-32.109795
119,-833.26855
120,-45.36283
121,12.0
122,-80.36313
123,5.719904
124,-20.501373
125,-119.52197
126,-16.816895
127,-83.695366
128,-18.619476
129,-18.940819
130,7.424799
131,-5.826668
132,4.9628224
133,15.451599
134,-7.0214825
135,30.0653
136,14.908096
137,-16.863419
138,-7.3352814
139,184.4748
140,190.35535
141,137.72073
142,10.962226
143,-2.0018768
144,-30.644318
145,-13.637854
146,-20.679634
147,10.681675
148,-16.198128
149,1.7006664
150,-12.203056
151,-66.63255
152,-7.782135
153,-2.0174198
154,4.6356783
155,5.9397774
156,3.3907409
157,-29.135193
158,59.4906
159,99.71768
160,-14.870708
161,107.20874
162,4.0
163,-91.84877
164,301.6286
165,83.93065
166,557.2728
167,22.967278
168,292.4486
169,-17.539745
170,-14.469196
171,-47.853325
172,-23.18283
173,-9.223267
174,100.3788
175,1123.8779
176,33.83529
177,-27.201126
178,-41.259857
179,323.6475
180,925.27264
181,30.223848
182,63.333557
183,-3.2982292
184,-19.536018
185,-82.66341
186,-22.547272
187,-34.1922
188,-95.6326
189,-11.791096
190,-20.390219
191,-2615.082
192,-81.6967
193,-5.39172
194,26.480745
195,28.86213
196,-33.595497
197,-2.1848965
198,-16.43589
199,98.43788
200,449.57504
201,109.21426
202,58.84504
203,100.44928
204,-90.85782
205,-30.642483
206,-60.39962
207,20.0
208,92.154755
209,118.71387
210,72.343185
211,279.70187
212,141.62697
213,14.959389
214,41.495247
215,-8.350224
216,-1287.087
217,-65.28636
218,41.165413
219,7.0
220,149.23376
221,132.8854
222,89.809395
223,37.61628
224,22.127068
225,32.0269
226,37.046677
227,-1.0923309
228,12.582086
229,-0.103328705
230,98.629745
231,49.09588
232,17.889332
233,-15.556435
234,-2.3528242
235,69.56622
236,15.724621
237,40.196716
238,1.5981216
239,12.0
240,31.490623
241,2.8754354
242,109.22771
243,12.058161
244,11.076723
245,4.9035606
246,11.920456
247,0.33522964
248,-31.500214
249,71.373535
250,130.46518
251,125.98166
252,8.8680725
253,632.9199
254,-34.19306
255,20.386398
256,23.669205
257,443.74448
258,1039.8923
259,282.84766
260,90.8613
261,21.162327
262,688.0337
263,474.47116
264,20.64656
265,-65.90668
266,21.809204
267,132.8736
268,883.6119
269,87.44154
270,61.05995
271,7.7587357
272,-37.67182
273,8.498629
274,0.28385925
275,6.0
276,13.0
277,6.0
278,12.13809
279,-1.6801033
280,19.277094
281,0.023620605
282,2.0
283,20.0
284,6.0
285,-5.1142387
286,-1.287056
287,21.958899
288,20.0
289,12.154695
290,-7.6749573
291,11.933355
292,3.1823177
293,-39.32582
294,-4.3031845
295,-46.67682
296,7.4531546
297,-9.9831295
298,-29.921608
299,-16.247498
300,3.4812398
301,-5.8231506
302,-2.6102543
303,19.430565
304,-33.30333
305,-300.35364
306,-25.71296
307,21.438053
308,12.857325
309,212.46964
310,56.117073
311,19.376045
312,39.17109
313,11.468605
314,-2.1617007
315,1.1805077
316,-11.539425
317,2.44549
318,-19.958748
319,29.161995
320,63.35994
321,-11.159487
322,-13.970226
323,-148.2751
324,-10.984306
325,99.055786
326,12.086561
327,26.950974
328,12.5858
329,7.6510487
330,-158.51404
331,-35.578346
332,-8.017094
333,-9.938957
334,-26.43029
335,-0.7054758
336,100.290985
337,1960.2097
338,-31.935833
339,4.1327972
340,1171.5261
341,21.801567
342,-3.1947536
343,20.082897
344,5.4866333
345,-98.0332
346,51.371613
347,22.532661
348,8.707681
349,-2.721367
350,133.43637
351,-26.42865
352,23.692276
353,-0.41132164
354,-46.15795
355,26.699364
356,70.978745
357,4.5214405
358,4.5883026
359,7.7910576
360,-10.649948
361,36.892433
362,16.0
363,12.0
364,19.0
365,0.26441193
366,64.13519
367,9.4663925
368,4.21937
369,50.39296
370,-35.132263
371,5.7307053
372,-70.69092
373,-5.66346
374,35.954544
375,13.0
376,-0.27830696
377,9.329788
378,-520.3171
379,2.8849869
380,77.11633
381,1.0
382,272.5041
383,-2.416109
384,12.961849
385,-31.244583
386,3.7004414
387,69.66835
388,6.131592
389,9.538513
390,3.0
391,36.66655
392,9.0
393,16.553074
394,2.528839
395,37.881516
396,-4.4533253
397,27.01928
398,-230.13055
399,-65.38928
400,-0.96108246
401,-3.746151
402,12.654266
403,-20.418758
404,7.0
405,139.90057
406,29.485546
407,-17.669418
408,-9.688461
409,-0.19572449
410,4.36981
411,-3.0435896
412,32.227997
413,45.223022
414,8.934786
415,6.1481247
416,62.404343
417,-19.073997
418,-3.1068726
419,3.880551
420,9.696634
421,-5.6262703
422,-21.64692
423,1.0421276
424,503.52295
425,55.74415
426,61.59765
427,15.394569
428,12.3179245
429,4.436104
430,12.0
431,-14.754288
432,58.208313
433,14.1152115
434,179.48674
435,63.293457
436,-1.8715439
437,30.069351
438,-0.3461423
439,10.298386
440,13.0
441,71.33391
442,8.580521
443,28.156685
444,10.267702
445,41.59595
446,-18.37471
447,30.300644
448,-231.54828
449,-11.1354065
450,-117.93927
451,10.737068
452,845.1559
453,242.0227
454,161.42293
455,-406.81458
456,-45.9627
457,-20.181278
458,1.210968
459,-6.369419
460,31.775192
461,14.57518
462,-21.129196
463,61.025085
464,31.02671
465,129.60732
466,92.87114
467,83.5213
468,17.046955
469,19.48581
470,-1.6576748
471,-19.478771
472,21.339928
473,16.46894
474,19.754261
475,60.55272
476,79.50148
477,7.0
478,6.0
479,5.0
480,28.052406
481,20.043541
482,65.81999
483,31.11945
484,-56.292847
485,240.91887
486,-17.822361
487,-20.386906
488,9.0
489,292.68414
490,-3.0467768
491,-1.4521866
492,3.6006875
493,-1.9092231
494,13.0
495,-6.668848
496,5.709755
497,13.561966
498,24.028591
499,9.526251
500,11.941025
501,88.93837
502,65.760124
503,9.591589
504,-0.28432083
505,0.5700798
506,15.858207
507,18.151749
508,5.5601864
509,-2.6535072
510,5.8260193
511,12.156369
512,-29.06231
513,-16.505375
514,-31.207565
515,-17.851135
516,26.431625
517,-1.0370903
518,-53.254845
519,-19.62141
520,-15.751568
521,64.008316
522,-17.031864
523,-2.4535294
524,4.1869507
525,13.187376
526,5.0
527,-71.6557
528,-16.988846
529,-16.065704
530,-79.26068
531,4.197651
532,0.5420952
533,-16.55513
534,-6.1971645
535,-4.1363716
536,3.2777562
537,10.401506
538,6.908308
539,-29.046936
540,7.704752
541,-17.664848
542,-77.849014
543,1.1620483
544,-38.13736
545,6.7611012
546,6.25095
547,27.656933
548,10.788002
549,10.678467
550,0.3249855
551,9.709799
552,-26.865524
553,40.600243
554,-252.09952
555,3.3614788
556,-116.817764
557,35.447815
558,75.37074
559,9.031668
560,11.173195
561,100.90888
562,165.60956
563,48.08039
564,12.372798
565,12.6785755
566,627.8058
567,398.9559
568,324.78683
569,355.8632
570,-22.43956
571,-27.879131
572,-6.6685257
573,-100.58772
574,-26.264778
575,62.655777
576,1032.7285
577,4.299141
578,-17.055462
579,-46.302155
580,475.06702
581,37.442955
582,-19.28086
583,47.448723
584,640.4259
585,-8.759453
586,7.0605936
587,13.396118
588,57.663574
589,41.893276
590,95.54732
591,-4.7728033
592,2.6730595
593,-0.30731583
594,-0.28311157
595,-19.595753
596,-3.659008
597,4.8829165
598,0.34178638
599,22.171207
600,-12.252394
601,-91.23192
602,-63.913544
603,-19.585052
604,37.94308
605,11.538189
606,-44.503647
607,17.502996
608,24.125244
609,-1.1169147
610,1.8842411
611,17.891867
612,4.514044
613,49.8675
614,-57.21393
615,-38.46219
616,8.0
617,41.05208
618,-36.762554
619,-10.616211
620,197.57516
621,-32.04699
622,-17.820541
623,-14.09454
624,2.155943
625,-18.612968
626,-5.3462906
627,-70.73059
628,11.590626
629,23.782036
630,-8.785248
631,301.7814
632,59.257675
633,15.447327
634,43.16249
635,-6.0253296
636,37.43611
637,17.0
638,-5.3586235
639,11.818677
640,-10.012238
641,-27.64447
642,3.637535
643,6.03866
644,6.603924
645,-50.827698
646,3.0
647,41.476074
648,-56.69317
649,31.184391
650,37.498886
651,14.311781
652,194.70093
653,229.7515
654,24.255615
655,110.12251
656,32.756092
657,-28.479336
658,19.0
659,78.05311
660,239.8865
661,255.58023
662,96.09157
663,5.0
664,-127.473495
665,0.28428268
666,7.8769026
667,7.86951
668,-0.172822
669,-178.28226
670,134.3261
671,-31.927795
672,-69.32329
673,-1.5204201
674,-54.779602
675,10.861025
676,13.0622425
677,3.5935364
678,11.714195
679,19.032578
680,1.0
681,692.23236
682,19.0
683,2.0
684,9.0
685,17.0
686,19.0
687,11.0
688,18.681717
689,-32.263855
690,-0.69702625
691,-113.72122
692,21.671276
693,271.99127
694,-91.753265
695,-58.88716
696,-2.5691938
697,-12.334858
698,-14.9944725
699,-25.537392
700,-13.750011
701,-7.9173584
702,157.09079
703,1001.1576
704,-33.790924
705,7.067253
706,286.51547
707,711.38074
708,100.96518
709,8.010928
710,-4.238861
711,-95.22539
712,-5.700001
713,-10.918777
714,-34.097595
715,1.111702
716,-33.251457
717,-471.36615
718,-29.336021
719,4.208416
720,-11.331306
721,-23.398602
722,12.601027
723,43.853554
724,247.31514
725,59.675507
726,24.367483
727,25.894684
728,-53.20752
729,-38.35904
730,16.0
731,6.5066986
732,245.97762
733,99.89292
734,104.380196
735,26.726105
736,15.466501
737,33.861965
738,-94.05287
739,-215.69513
740,7.0
741,61.878105
742,4.0
743,95.10498
744,158.21587
745,108.60804
746,12.918148
747,10.994024
748,14.973492
749,19.088701
750,2.7455752
751,35.04702
752,27.617447
753,-246.46512
754,10.497482
755,-52.5343
756,-9.306049
757,130.46948
758,114.94375
759,77.52981
760,329.45343
761,111.5351
762,286.56503
763,121.98746
764,-2.1136055
765,98.596825
766,4.2457304
767,140.5268
768,18.688753
769,10.953306
770,6.726676
771,9.390572
772,85.071014
773,65.84773
774,38.448685
775,81.9469
776,-5.338089
777,3.911621
778,3.7690887
779,-145.9115
780,708.16833
781,204.24081
782,989.6493
783,2028.4167
784,158.98007
785,448.75842
786,-207.1659
787,903.98535
788,181.09311
789,36.050476
790,106.51987
791,44.525238
792,69.58441
793,180.24875
794,567.6752
795,341.00726
796,0.62188816
797,17.001036
798,16.0
799,72.929054
800,25.746868
801,10.59272
802,27.306416
803,17.935265
804,2.0
805,17.0
806,11.0
807,55.087173
808,37.59947
809,52.492382
810,0.7190218
811,178.4477
812,17.599817
813,8.0
814,11.0
815,149.07907
816,17.0
817,-1.3604507
818,6.0
819,5.599814
820,8.0
821,17.0
822,0.593827
823,8.949231
824,8.892201
825,6.9398136
826,23.952251
827,21.903044
828,12.370787
829,1.3156104
830,-1.2127533
831,12.847521
832,16.358208
833,25.328327
834,17.716377
835,13.5461235
836,3.2748308
837,2.3992472
838,-8.112555
839,4.919589
840,29.256687
841,8.245792
842,4.870618
843,39.976715
844,0.7997322
845,-31.192192
846,-52.213623
847,4.8815155
848,-1.7637596
849,-56.00447
850,6.5623436
851,-38.10495
852,8.799477
853,-17.342213
854,77.09367
855,10.890495
856,63.312958
857,153.69994
858,5.2744637
859,11.730476
860,-65.64902
861,9.722511
862,9.651581
863,9.320971
864,8.865976
865,-4.397785
866,58.354446
867,151.20135
868,-28.926579
869,-32.099243
870,-58.005898
871,93.755615
872,-1.982727
873,-14.867271
874,6.187397
875,95.217064
876,-9.8789215
877,139.96996
878,243.47406
879,209.28426
880,151.21785
881,-17.58435
882,144.0961
883,308.84198
884,155.26912
885,304.79752
886,-218.55792
887,-33.27658
888,-35.48291
889,-286.8598
890,6.758789
891,1299.2437
892,0.67469406
893,237.63379
894,136.52663
895,-49.39971
896,234.3529
897,1597.994
898,-17.607346
899,-5.678669
900,1.0756531
901,221.74551
902,17.842457
903,117.49189
904,98.830696
905,-108.499374
906,-22.601143
907,-36.10701
908,-28.278145
909,-13.617126
910,-19.15326
911,8.075655
912,37.440727
913,-3.092739
914,-4.8116646
915,-0.1744461
916,-30.309769
917,11.782251
918,14.198503
919,84.18765
920,70.1001
921,-1.6016827
922,0.8391819
923,17.0
924,27.633263
925,-3.2014952
926,-12.6091385
927,161.3982
928,1.7844892
929,-16.411335
930,-5.0170174
931,-5.7693176
932,-0.18575954
933,-88.54703
934,-0.18125725
935,-55.341393
936,177.36044
937,127.95058
938,9.0
939,89.76347
940,39.02951
941,4.0
942,17.0
943,0.94318295
944,2.4798226
945,9.561653
946,42.351673
947,-18.064869
948,49.142727
949,-34.329544
950,-34.830997
951,210.97212
952,-10.761582
953,7.6586456
954,2.7180033
955,-5.7516975
956,0.93418884
957,-49.34143
958,62.40921
959,363.70374
960,3.7714052
961,-44.39943
962,-257.98508
963,-397.96765
964,679.3645
965,144.75768
966,-2.4516907
967,-30.048965
968,61.51429
969,52.63164
970,5.3369102
971,-2.8982105
972,0.71455383
973,5.497814
974,6.4639463
975,1.1751938
976,10.2151375
977,12.146934
978,1.0824726
979,-0.988534
980,8.443001
981,-22.310291
982,3.634861
983,-5.6579733
984,-7.6562424
985,-35.284737
986,-0.8205042
987,7.0
988,9.989104
989,6.684965
990,-10.193005
991,32.08281
992,479.38898
993,-66.24402
994,69.37692
995,411.86765
996,144.26001
997,-15.008808
998,-53.339035
999,-123.87804
1000,-5.61627
1001,-5.394123
1002,-13.579384
1003,-2.21941
1004,-39.606987
1005,-1063.4891
1006,-39.68286
1007,-39.11915
1008,66.08919
1009,28.3914
1010,7.1155615
1011,-15.770054
1012,128.86328
1013,679.43823
1014,66.87727
1015,31.550434
1016,52.894638
1017,4.659086
1018,2.6776428
1019,7.0
1020,6.1290855
1021,55.992645
1022,14.002567
1023,780.3502
1024,676.37836
1025,455.75516
1026,85.467514
1027,-57.059357
1028,39.560707
1029,12.0
1030,751.31836
1031,91.31031
1032,224.23427
1033,6.2522125
1034,5.9187565
1035,35.294918
1036,9.309398
1037,220.84286
1038,172.65836
0,4.0709496
1,6.1093597
2,-15.779053
3,-2.5694313
4,1.5282879
5,24.240166
6,92.121315
7,23.446175
8,309.26654
9,180.58243
10,155.4628
11,-21.811218
12,-14.341375
13,-43.740585
14,38.234375
15,-4.2371216
16,-0.3581543
17,0.213974
18,11.487381
19,2.5714965
20,-24.130608
21,0.88088477
22,-7.2930717
23,-113.07428
24,13.477066
25,203.91803
26,80.40371
27,6.494507
28,55.095093
29,19.403809
30,-21.894733
31,31.092468
32,-13.537163
33,11.647734
34,29.248047
35,-16.720764
36,-56.85858
37,797.10803
38,872.8599
39,431.55994
40,150.76959
41,404.62164
42,-201.9281
43,47.466774
44,125.28607
45,-1.9735565
46,626.70593
47,547.8131
48,5.5767174
49,-41.036667
50,14.931843
51,-130.44336
52,-16.656189
53,-69.439514
54,61.98265
55,128.51755
56,-15.0790825
57,800.9341
58,-988.4363
59,-120.29376
60,-24.168335
61,-0.94473076
62,-0.79609203
63,20.0
64,22.46817
65,4.6471176
66,-5.9571457
67,-7.8116302
68,23.405167
69,6.0287933
70,4.0
71,16.0
72,5.0
73,-11.00037
74,-2.846634
75,4.4852905
76,-5.5491867
77,2.8808227
78,1065.2539
79,4.7617135
80,15.0
81,16.0
82,14.69928
83,-0.51301575
84,1.0
85,1.0
86,5.284973
87,11.0
88,15.0
89,20.156372
90,-2.1069994
91,5.7616625
92,-2.5794487
93,1.6914654
94,15.091947
95,0.6826019
96,6.46863
97,3.580332
98,-3.4174957
99,-15.128662
100,3.933178
101,3.4980774
102,7.13853
103,8.950828
104,-0.84318256
105,-32.195984
106,9.108071
107,-14.413742
108,-0.99261093
109,-1.9033356
110,-21.343079
111,0.14348602
112,-6.1115685
113,18.0
114,16.0
115,15.0
116,12.076704
117,7.363002
118,-32.083992
119,-832.60205
120,-45.338936
121,12.0
122,-80.32124
123,5.726097
124,-20.476723
125,-119.31848
126,-16.790909
127,-83.66531
128,-18.60952
129,-18.915482
130,7.4322777
131,-5.8199253
132,4.964737
133,15.45357
134,-7.01814
135,30.084671
136,14.953018
137,-16.840843
138,-7.3242073
139,184.68518
140,190.81836
141,137.82266
142,10.964459
143,-1.9950504
144,-30.62968
145,-13.631479
146,-20.65699
147,10.68676
148,-16.167305
149,1.7067738
150,-12.194416
151,-66.57086
152,-7.771343
153,-2.011446
154,4.6381435
155,5.944042
156,3.3916051
157,-29.057068
158,59.571564
159,99.79065
160,-14.8601
161,107.27176
162,4.0
163,-91.80673
164,301.7345
165,83.96661
166,557.39734
167,22.982815
168,292.59302
169,-17.528782
170,-14.459755
171,-47.829964
172,-23.165977
173,-9.187836
174,100.40744
175,1124.092
176,33.852554
177,-27.140625
178,-41.17923
179,323.7287
180,925.4721
181,30.23107
182,63.402924
183,-3.2891655
184,-19.521114
185,-82.62276
186,-22.53263
187,-34.170547
188,-95.58743
189,-11.784506
190,-20.38354
191,-2613.852
192,-81.65268
193,-5.384081
194,26.487425
195,28.873318
196,-33.57672
197,-2.1802216
198,-16.424854
199,98.461975
200,449.68286
201,109.234604
202,58.86743
203,100.46667
204,-90.811676
205,-30.630802
206,-60.36908
207,20.0
208,92.21394
209,118.75282
210,72.37142
211,279.78894
212,141.68808
213,14.971779
214,41.51139
215,-8.345993
216,-1286.6511
217,-65.26601
218,41.178646
219,7.0
220,149.283
221,132.93419
222,89.83768
223,37.64708
224,22.147636
225,32.04785
226,37.07316
227,-1.0816536
228,12.583742
229,-0.092250824
230,98.676956
231,49.108807
232,17.894867
233,-15.547577
234,-2.35001
235,69.60664
236,15.726639
237,40.230087
238,1.6030006
239,12.0
240,31.498821
241,2.8764486
242,109.25902
243,12.059624
244,11.083078
245,4.904819
246,11.921724
247,0.3358636
248,-31.474525
249,71.49176
250,130.54126
251,126.05835
252,8.925629
253,633.6294
254,-34.168297
255,20.420776
256,23.69448
257,443.79852
258,1040.02
259,282.88342
260,90.89342
261,21.16917
262,688.1144
263,474.56842
264,20.671196
265,-65.78323
266,21.905243
267,132.95355
268,883.8438
269,87.48149
270,61.121887
271,7.7680244
272,-37.640938
273,8.499558
274,0.2886505
275,6.0
276,13.0
277,6.0
278,12.139521
279,-1.6752968
280,19.281334
281,0.07246399
282,2.0
283,20.0
284,6.0
285,-5.1035233
286,-1.2679443
287,21.965836
288,20.0
289,12.156454
290,-7.657776
291,11.938303
292,3.1881886
293,-39.2865
294,-4.3009005
295,-46.625427
296,7.4540873
297,-9.978197
298,-29.90429
299,-16.166962
300,3.481991
301,-5.8184357
302,-2.6048908
303,19.451576
304,-33.27043
305,-300.04175
306,-25.68969
307,21.448544
308,12.859584
309,212.55637
310,56.13788
311,19.393234
312,39.184105
313,11.474909
314,-2.1606555
315,1.1904564
316,-11.525692
317,2.4530945
318,-19.930481
319,29.189682
320,63.40886
321,-11.152437
322,-13.961914
323,-148.21344
324,-10.972
325,99.18793
326,12.092424
327,26.96682
328,12.616798
329,7.6578426
330,-158.25989
331,-35.556602
332,-8.012119
333,-9.92992
334,-26.415
335,-0.70292854
336,100.38995
337,1961.1653
338,-31.92352
339,4.1729126
340,1171.8762
341,21.810207
342,-3.19248
343,20.094501
344,5.4945107
345,-97.98425
346,51.419662
347,22.558495
348,8.711005
349,-2.718481
350,133.52884
351,-26.40371
352,23.709045
353,-0.4091177
354,-46.131317
355,26.726639
356,71.003555
357,4.526726
358,4.5893474
359,7.799633
360,-10.64563
361,36.91629
362,16.0
363,12.0
364,19.0
365,0.27241898
366,64.22427
367,9.470366
368,4.226511
369,50.412003
370,-35.064636
371,5.7333784
372,-70.57181
373,-5.637619
374,35.99446
375,13.0
376,-0.27165604
377,9.3437195
378,-520.13934
379,2.9069138
380,77.213165
381,1.0
382,272.57013
383,-2.4117584
384,12.970066
385,-31.230309
386,3.7047176
387,69.71265
388,6.1722717
389,9.558617
390,3.0
391,36.682236
392,9.0
393,16.554235
394,2.539383
395,37.901825
396,-4.449362
397,27.046684
398,-230.02148
399,-65.3237
400,-0.9445267
401,-3.7371902
402,12.662205
403,-20.40649
404,7.0
405,139.93051
406,29.497593
407,-17.626526
408,-9.665909
409,-0.19099808
410,4.3735447
411,-3.0408974
412,32.239605
413,45.254044
414,8.937789
415,6.1705093
416,62.46295
417,-19.057236
418,-3.0988884
419,3.8808851
420,9.697943
421,-5.618635
422,-21.638287
423,1.0437932
424,503.7204
425,55.77426
426,61.6259
427,15.425102
428,12.326828
429,4.4444275
430,12.0
431,-14.73748
432,58.287415
433,14.1232605
434,179.54353
435,63.32843
436,-1.8561172
437,30.10286
438,-0.344625
439,10.307781
440,13.0
441,71.368774
442,8.592674
443,28.173569
444,10.273415
445,41.605263
446,-18.332062
447,30.319496
448,-231.45047
449,-11.123867
450,-117.87622
451,10.757431
452,845.38666
453,242.07065
454,161.46541
455,-406.6505
456,-45.93605
457,-20.167358
458,1.2428741
459,-6.355114
460,31.786453
461,14.595566
462,-21.078644
463,61.07573
464,31.036118
465,129.64597
466,92.89275
467,83.612854
468,17.0528
469,19.49551
470,-1.6509075
471,-19.470299
472,21.361412
473,16.480286
474,19.760214
475,60.607605
476,79.53914
477,7.0
478,6.0
479,5.0
480,28.074554
481,20.069183
482,65.85333
483,31.129364
484,-56.273804
485,240.9763
486,-17.811672
487,-20.37814
488,9.0
489,292.76163
490,-3.0447836
491,-1.4485693
492,3.6011052
493,-1.9076295
494,13.0
495,-6.6620827
496,5.7117777
497,13.565893
498,24.039764
499,9.530638
500,11.951424
501,88.97644
502,65.78186
503,9.595089
504,-0.2788849
505,0.57878876
506,15.859507
507,18.19284
508,5.566696
509,-2.6423569
510,5.8706665
511,12.157627
512,-29.040733
513,-16.496239
514,-31.176598
515,-17.716003
516,26.454636
517,-1.0323544
518,-53.23806
519,-19.609879
520,-15.74597
521,64.04788
522,-17.024006
523,-2.443264
524,4.280304
525,13.188138
526,5.0
527,-71.62511
528,-16.980537
529,-16.043098
530,-79.09625
531,4.203991
532,0.5521774
533,-16.53228
534,-6.1897984
535,-4.1337166
536,3.278832
537,10.405428
538,6.911684
539,-28.954956
540,7.711258
541,-17.647263
542,-77.81384
543,1.1660328
544,-38.11882
545,6.7617693
546,6.2558575
547,27.6712
548,10.800369
549,10.68392
550,0.33829117
551,9.712331
552,-26.853558
553,40.612103
554,-252.0073
555,3.3680096
556,-116.771576
557,35.452415
558,75.39001
559,9.032879
560,11.183983
561,100.937996
562,165.6542
563,48.09522
564,12.37613
565,12.68293
566,627.94073
567,399.05145
568,324.85303
569,355.9407
570,-22.421654
571,-27.867264
572,-6.6575356
573,-100.55153
574,-26.25278
575,62.707916
576,1033.0797
577,4.3082466
578,-17.044128
579,-46.24205
580,475.46082
581,37.457073
582,-19.268764
583,47.467422
584,640.69507
585,-8.73806
586,7.061494
587,13.412392
588,57.696594
589,41.905025
590,95.5752
591,-4.769019
592,2.6763716
593,-0.30445862
594,-0.2811823
595,-19.580818
596,-3.6461868
597,4.885133
598,0.34537983
599,22.181915
600,-12.247198
601,-91.179825
602,-63.88115
603,-19.52066
604,37.957172
605,11.550224
606,-44.475113
607,17.504475
608,24.191101
609,-1.1137114
610,1.8900642
611,17.895172
612,4.516159
613,49.883972
614,-57.19655
615,-38.45041
616,8.0
617,41.10823
618,-36.748432
619,-10.598427
620,197.6687
621,-32.025192
622,-17.797195
623,-14.079365
624,2.163372
625,-18.595634
626,-5.3263702
627,-70.64905
628,11.591206
629,23.7967
630,-8.775112
631,301.85065
632,59.277016
633,15.461327
634,43.188377
635,-6.0143814
636,37.495712
637,17.0
638,-5.3525696
639,11.821077
640,-10.000431
641,-27.63321
642,3.6502495
643,6.043356
644,6.606475
645,-50.77588
646,3.0
647,41.49193
648,-56.66816
649,31.190279
650,37.509735
651,14.314746
652,194.7818
653,229.83527
654,24.283691
655,110.145615
656,32.763348
657,-28.465729
658,19.0
659,78.07573
660,239.98355
661,255.66031
662,96.126526
663,5.0
664,-127.42032
665,0.29296112
666,7.878975
667,7.8708835
668,-0.16979313
669,-178.20654
670,134.37798
671,-31.909012
672,-69.297325
673,-1.5119667
674,-54.740112
675,10.861973
676,13.064781
677,3.6070251
678,11.721148
679,19.048462
680,1.0
681,692.3923
682,19.0
683,2.0
684,9.0
685,17.0
686,19.0
687,11.0
688,18.685476
689,-32.210236
690,-0.6944933
691,-113.675446
692,21.678022
693,272.0967
694,-91.71115
695,-58.850708
696,-2.5666237
697,-12.328598
698,-14.985233
699,-25.521976
700,-13.739208
701,-7.9086304
702,157.12144
703,1001.34485
704,-33.745132
705,7.085182
706,286.5766
707,711.5364
708,100.99361
709,8.013609
710,-4.230995
711,-95.18378
712,-5.691143
713,-10.908916
714,-34.076958
715,1.1160355
716,-33.230766
717,-471.17957
718,-29.314491
719,4.2136173
720,-11.322964
721,-23.386799
722,12.602793
723,43.874573
724,247.37413
725,59.686447
726,24.37176
727,25.904385
728,-53.181183
729,-38.341408
730,16.0
731,6.5535583
732,246.0141
733,99.91969
734,104.40419
735,26.73808
736,15.470852
737,33.87676
738,-94.00522
739,-215.58597
740,7.0
741,61.906403
742,4.0
743,95.12327
744,158.26352
745,108.635025
746,12.920662
747,10.99975
748,14.975344
749,19.09362
750,2.7464304
751,35.064995
752,27.637169
753,-246.29834
754,10.564102
755,-52.496674
756,-9.2983
757,130.49446
758,114.98114
759,77.545586
760,329.51758
761,111.574356
762,286.65802
763,122.01151
764,-2.0986023
765,98.61428
766,4.246974
767,140.56442
768,18.69087
769,10.954605
770,6.7300406
771,9.392841
772,85.14186
773,65.87317
774,38.477127
775,82.2782
776,-5.330662
777,4.021332
778,3.8083649
779,-145.76733
780,708.4506
781,204.37668
782,989.7919
783,2028.6377
784,159.02565
785,448.83524
786,-206.98938
787,904.13965
788,181.13312
789,36.070564
790,106.636566
791,44.542854
792,69.62166
793,180.30943
794,568.0134
795,341.235
796,0.6239033
797,17.004862
798,16.0
799,72.964966
800,25.761433
801,10.599125
802,27.331207
803,17.960075
804,2.0
805,17.0
806,11.0
807,55.10072
808,37.613804
809,52.51362
810,0.72274876
811,178.55609
812,17.600533
813,8.0
814,11.0
815,149.11647
816,17.0
817,-1.3587308
818,6.0
819,5.6005306
820,8.0
821,17.0
822,0.5946245
823,8.955789
824,8.892899
825,6.940545
826,23.958298
827,21.915985
828,12.371679
829,1.3182378
830,-1.193222
831,12.851896
832,16.37302
833,25.341194
834,17.737923
835,13.563522
836,3.2798023
837,2.402113
838,-8.1080475
839,4.921166
840,29.283478
841,8.249298
842,4.875746
843,40.120514
844,0.80880547
845,-31.169567
846,-52.12822
847,4.883607
848,-1.755846
849,-55.935867
850,6.5711575
851,-38.077065
852,8.81768
853,-17.324028
854,77.13337
855,10.898754
856,63.336273
857,153.73892
858,5.2909317
859,11.732943
860,-65.595276
861,9.725401
862,9.657854
863,9.325595
864,8.868294
865,-4.3842926
866,58.361904
867,151.24
868,-28.900475
869,-32.07354
870,-57.97297
871,93.79775
872,-1.971777
873,-14.822708
874,6.201336
875,95.249245
876,-9.849464
877,140.0
878,243.54169
879,209.36021
880,151.31456
881,-17.525116
882,144.11795
883,308.94476
884,155.30948
885,304.90067
886,-218.38333
887,-33.2474
888,-35.466095
889,-286.67654
890,6.7874527
891,1299.6658
892,0.6849251
893,237.7193
894,136.57959
895,-49.358315
896,234.41084
897,1598.3394
898,-17.561363
899,-5.662758
900,1.1543274
901,221.80269
902,17.852942
903,117.50938
904,98.844826
905,-108.41046
906,-22.593695
907,-36.063797
908,-28.25663
909,-13.60054
910,-19.130077
911,8.0804615
912,37.472534
913,-3.0778084
914,-4.8031883
915,-0.16508865
916,-30.277428
917,11.789621
918,14.19882
919,84.31091
920,70.14852
921,-1.5952339
922,0.8423343
923,17.0
924,27.650383
925,-3.1957617
926,-12.587227
927,161.53394
928,1.7877307
929,-16.394268
930,-5.0128517
931,-5.718628
932,-0.18115711
933,-88.351776
934,-0.17959738
935,-55.30468
936,177.40448
937,127.98825
938,9.0
939,89.866714
940,39.143005
941,4.0
942,17.0
943,0.9477463
944,2.481421
945,9.580017
946,42.376637
947,-18.042843
948,49.156986
949,-34.273193
950,-34.8075
951,211.07904
952,-10.755562
953,7.663392
954,2.720502
955,-5.739071
956,1.0082397
957,-49.211243
958,62.540314
959,363.74008
960,3.773961
961,-44.329544
962,-257.82596
963,-397.68103
964,679.50696
965,144.81415
966,-2.4215317
967,-30.014946
968,61.55165
969,52.64001
970,5.3435946
971,-2.8905315
972,0.7290001
973,5.507725
974,6.466616
975,1.2255707
976,10.229931
977,12.151894
978,1.0841246
979,-0.9848423
980,8.473892
981,-22.294685
982,3.6445827
983,-5.6514845
984,-7.6331367
985,-35.234978
986,-0.81711864
987,7.0
988,9.989777
989,6.6974373
990,-10.181467
991,32.114677
992,479.52628
993,-66.09674
994,69.38507
995,411.96472
996,144.2941
997,-14.995935
998,-53.28235
999,-123.78177
1000,-5.6077213
1001,-5.3819866
1002,-13.564606
1003,-2.2154808
1004,-39.582634
1005,-1062.7478
1006,-39.658974
1007,-39.071182
1008,66.114746
1009,28.400902
1010,7.121475
1011,-15.755146
1012,128.88753
1013,679.5161
1014,66.898224
1015,31.559576
1016,52.906883
1017,4.670004
1018,2.6849957
1019,7.0
1020,6.1369534
1021,56.009617
1022,14.022484
1023,780.44495
1024,676.5094
1025,455.85083
1026,85.49323
1027,-57.007233
1028,39.571545
1029,12.0
1030,751.55316
1031,91.32967
1032,224.28812
1033,6.2645664
1034,5.928755
1035,35.31991
1036,9.312922
1037,220.96762
1038,172.70174
0,4.1292725
1,7.065201
2,-14.818054
3,-2.4254704
4,1.6448612
5,24.662262
6,92.731064
7,23.615582
8,315.25342
9,182.32248
10,157.37936
11,-21.013771
12,-14.152681
13,-43.052277
14,39.18196
15,-4.0944977
16,2.5408936
17,0.31028843
18,11.757469
19,2.5864384
20,-23.853886
21,0.88976574
22,-6.976162
23,-110.77469
24,14.840179
25,206.59174
26,81.20179
27,6.9804153
28,62.189087
29,20.418777
30,-21.60088
31,32.376175
32,-13.087936
33,11.828808
34,95.27637
35,-15.761169
36,-53.118103
37,802.83936
38,876.60315
39,434.09332
40,152.60028
41,408.2989
42,-197.14008
43,48.042656
44,126.453064
45,-0.439682
46,630.0893
47,550.82385
48,5.747301
49,-40.02292
50,15.152222
51,-127.964294
52,-15.521072
53,-64.1145
54,63.10051
55,130.89755
56,-14.793976
57,806.174
58,-968.0071
59,-117.70175
60,-23.69899
61,-0.83968353
62,-0.70336056
63,20.0
64,23.800797
65,5.1087494
66,-5.749857
67,-6.3485413
68,24.181725
69,6.2613106
70,4.0
71,16.0
72,5.0
73,-10.61097
74,-2.394783
75,4.992134
76,-4.9480667
77,2.8897038
78,1102.019
79,4.779476
80,15.0
81,16.0
82,16.115265
83,-0.4375267
84,1.0
85,1.0
86,5.3382587
87,11.0
88,15.0
89,22.41101
90,-2.0681982
91,5.779425
92,-2.192173
93,1.7534676
94,15.107972
95,1.4954529
96,6.627754
97,3.5836623
98,-3.3089771
99,-14.818104
100,4.039419
101,4.913391
102,7.2010784
103,9.029393
104,-0.7951455
105,-30.374329
106,9.164125
107,-13.632668
108,-0.7340126
109,-1.6001091
110,-20.095215
111,0.4220848
112,-5.9967213
113,18.0
114,16.0
115,15.0
116,12.186476
117,7.4019995
118,-31.397911
119,-814.8806
120,-44.70349
121,12.0
122,-79.20793
123,5.890848
124,-19.821312
125,-113.908264
126,-16.099632
127,-82.86639
128,-18.344685
129,-18.242249
130,7.631157
131,-5.6406918
132,5.0156407
133,15.505964
134,-6.9292355
135,30.5998
136,16.147476
137,-16.240257
138,-7.029602
139,190.83423
140,203.93579
141,140.53479
142,11.023882
143,-1.8134613
144,-30.240456
145,-13.461979
146,-20.05494
147,10.821964
148,-15.348129
149,1.8692207
150,-11.964504
151,-64.93097
152,-7.484379
153,-1.8526573
154,4.7037354
155,6.057518
156,3.414606
157,-26.979004
158,61.72458
159,101.729004
160,-14.578037
161,108.948364
162,4.0
163,-90.68907
164,304.5454
165,84.92259
166,560.87964
167,23.396034
168,296.4339
169,-17.237316
170,-14.208664
171,-47.20919
172,-22.718155
173,-8.245285
174,101.168976
175,1129.7882
176,34.31205
177,-25.532104
178,-39.0343
179,325.86075
180,930.77783
181,30.422943
182,65.2475
183,-3.0480995
184,-19.1249
185,-81.54196
186,-22.143238
187,-33.594788
188,-94.38605
189,-11.609144
190,-20.20592
191,-2581.1577
192,-80.4825
193,-5.1809177
194,26.665073
195,29.170902
196,-33.077583
197,-2.055807
198,-16.131416
199,99.10237
200,452.84457
201,109.775505
202,59.462616
203,100.92905
204,-89.58453
205,-30.320229
206,-59.5567
207,20.0
208,93.78813
209,119.78902
210,73.12245
211,282.07257
212,143.31247
213,15.301155
214,41.94065
215,-8.233477
216,-1275.059
217,-64.724266
218,41.530594
219,7.0
220,150.59183
221,134.23116
222,90.58973
223,38.465843
224,22.694382
225,32.604965
226,37.77729
227,-0.7977371
228,12.627794
229,0.2022667
230,99.93257
231,49.4527
232,18.042109
233,-15.31213
234,-2.2751713
235,70.681305
236,15.780304
237,41.117264
238,1.7328758
239,12.0
240,31.71733
241,2.9033995
242,110.091286
243,12.098562
244,11.252001
245,4.9382744
246,11.955477
247,0.35273886
248,-30.791573
249,74.60324
250,132.55566
251,128.09067
252,10.456131
253,652.12476
254,-33.509254
255,21.334274
256,24.367004
257,445.22278
258,1043.513
259,283.83112
260,91.7473
261,21.351114
262,690.4618
263,477.35358
264,21.32605
265,-62.5101
266,24.45578
267,135.07413
268,890.10864
269,88.54382
270,62.769196
271,8.015011
272,-36.820282
273,8.524291
274,0.41610336
275,6.0
276,13.0
277,6.0
278,12.177534
279,-1.5474682
280,19.394037
281,1.3709564
282,2.0
283,20.0
284,6.0
285,-4.818657
286,-0.7600479
287,22.150318
288,20.0
289,12.203279
290,-7.201065
291,12.070051
292,3.3442688
293,-38.239532
294,-4.2401648
295,-45.256058
296,7.4789124
297,-9.846985
298,-29.443954
299,-14.024414
300,3.501973
301,-5.6931267
302,-2.4623184
303,20.011147
304,-32.396027
305,-290.97058
306,-25.071426
307,21.72779
308,12.919685
309,214.83347
310,56.69117
311,19.850616
312,39.530346
313,11.642508
314,-2.1328564
315,1.4549675
316,-11.160652
317,2.6552925
318,-19.17791
319,29.925896
320,64.71005
321,-10.964958
322,-13.740803
323,-146.57422
324,-10.64502
325,102.65277
326,12.248316
327,27.387856
328,13.441063
329,7.838442
330,-150.78894
331,-34.978935
332,-7.879877
333,-9.689564
334,-26.008522
335,-0.63512707
336,102.9982
337,1986.3408
338,-31.59584
339,5.2396545
340,1181.0272
341,22.03989
342,-3.132042
343,20.40281
344,5.7039413
345,-96.682785
346,52.697647
347,23.2453
348,8.799436
349,-2.6416578
350,135.97699
351,-25.740685
352,24.155045
353,-0.35051727
354,-45.421257
355,27.451263
356,71.66354
357,4.6672325
358,4.617146
359,8.027557
360,-10.530767
361,37.550697
362,16.0
363,12.0
364,19.0
365,0.48531723
366,66.59119
367,9.575964
368,4.416395
369,50.91771
370,-33.265198
371,5.804433
372,-67.41031
373,-4.95076
374,37.055267
375,13.0
376,-0.09475517
377,9.713856
378,-515.40674
379,3.4896927
380,79.77344
381,1.0
382,274.30673
383,-2.2959824
384,13.188576
385,-30.850975
386,3.8185253
387,70.8902
388,7.2536163
389,10.092766
390,3.0
391,37.099625
392,9.0
393,16.585102
394,2.8196716
395,38.441666
396,-4.3438816
397,27.7751
398,-227.11743
399,-63.579163
400,-0.50440216
401,-3.49889
402,12.87318
403,-20.080334
404,7.0
405,140.72643
406,29.817879
407,-16.486511
408,-9.066437
409,-0.06529808
410,4.4728813
411,-2.9692802
412,32.548195
413,46.078636
414,9.017652
415,6.765358
416,64.02446
417,-18.611717
418,-2.8866272
419,3.889766
420,9.73274
421,-5.4155693
422,-21.408737
423,1.0881052
424,509.16382
425,56.5748
426,62.376717
427,16.23642
428,12.563496
429,4.6657333
430,12.0
431,-14.290794
432,60.388275
433,14.33733
434,181.05054
435,64.257935
436,-1.4459648
437,30.994095
438,-0.30428123
439,10.557541
440,13.0
441,72.29498
442,8.915592
443,28.622452
444,10.425293
445,41.852913
446,-17.19896
447,30.820976
448,-228.85025
449,-10.817383
450,-116.200134
451,11.298637
452,851.45667
453,243.34286
454,162.59517
455,-402.28864
456,-45.22779
457,-19.797352
458,2.0910645
459,-5.974762
460,32.085835
461,15.137413
462,-19.735336
463,62.42183
464,31.286228
465,130.67337
466,93.467545
467,86.046326
468,17.208134
469,19.753399
470,-1.4709396
471,-19.245068
472,21.93232
473,16.781834
474,19.918472
475,62.066635
476,80.54047
477,7.0
478,6.0
479,5.0
480,28.66314
481,20.750427
482,66.739746
483,31.39286
484,-55.76767
485,242.5021
486,-17.527485
487,-20.144989
488,9.0
489,294.82053
490,-2.991786
491,-1.3524094
492,3.612206
493,-1.8652544
494,13.0
495,-6.4822464
496,5.765542
497,13.670266
498,24.336674
499,9.647196
500,12.227821
501,89.988556
502,66.35977
503,9.688122
504,-0.13436317
505,0.81018066
506,15.89407
507,19.284576
508,5.7397804
509,-2.3458786
510,7.0571747
511,12.191066
512,-28.468025
513,-16.253414
514,-30.353241
515,-14.140625
516,27.066322
517,-0.90646553
518,-52.791748
519,-19.303478
520,-15.5972
521,65.09926
522,-16.81506
523,-2.1703682
524,6.7611694
525,13.208405
526,5.0
527,-70.81185
528,-16.7597
529,-15.441994
530,-74.7616
531,4.3725357
532,0.82022476
533,-15.924934
534,-5.9939556
535,-4.063119
536,3.3074288
537,10.509629
538,7.0014477
539,-26.510498
540,7.8842144
541,-17.180084
542,-76.879776
543,1.2719917
544,-37.625885
545,6.7795305
546,6.3863716
547,28.050358
548,11.129257
549,10.828886
550,0.69205475
551,9.779671
552,-26.535442
553,40.927395
554,-249.55518
555,3.5415783
556,-115.54387
557,35.57476
558,75.90216
559,9.065101
560,11.470646
561,101.71197
562,166.84155
563,48.489502
564,12.46471
565,12.798712
566,631.7898
567,401.78268
568,326.59122
569,358.0005
570,-21.94558
571,-27.551888
572,-6.3654327
573,-99.58951
574,-25.9337
575,64.09396
576,1042.6467
577,4.5503044
578,-16.742622
579,-44.6447
580,483.28613
581,37.832363
582,-18.947132
583,47.964287
584,647.71594
585,-8.169312
586,7.0854197
587,13.844933
588,58.574066
589,42.217403
590,96.31663
591,-4.668354
592,2.7644186
593,-0.22849178
594,-0.22989893
595,-19.1838
596,-3.305275
597,4.9440584
598,0.44084358
599,22.466549
600,-12.108973
601,-89.79559
602,-63.0204
603,-17.808441
604,38.33185
605,11.870178
606,-43.716537
607,17.54377
608,25.941315
609,-1.0286493
610,2.0448341
611,17.983015
612,4.5724096
613,50.321777
614,-56.73471
615,-38.137337
616,8.0
617,42.601074
618,-36.373215
619,-10.125664
620,200.13971
621,-31.446106
622,-17.176567
623,-13.675869
624,2.3609638
625,-18.134651
626,-4.7971954
627,-68.48154
628,11.606628
629,24.18642
630,-8.505741
631,303.6919
632,59.791107
633,15.833767
634,43.876396
635,-5.7233887
636,39.079697
637,17.0
638,-5.1915627
639,11.884877
640,-9.6866455
641,-27.333755
642,3.9882202
643,6.16815
644,6.674303
645,-49.397705
646,3.0
647,41.913208
648,-56.003357
649,31.346758
650,37.798126
651,14.393584
652,196.9241
653,232.06134
654,25.029427
655,110.75972
656,32.956238
657,-28.103893
658,19.0
659,78.67707
660,242.53345
661,257.7711
662,97.055756
663,5.0
664,-126.00751
665,0.5235748
666,7.934085
667,7.907399
668,-0.08923149
669,-176.19342
670,135.75726
671,-31.409904
672,-68.60701
673,-1.287281
674,-53.690567
675,10.887194
676,13.132271
677,3.9655266
678,11.90601
679,19.470604
680,1.0
681,696.6359
682,19.0
683,2.0
684,9.0
685,17.0
686,19.0
687,11.0
688,18.785423
689,-30.784607
690,-0.6271448
691,-112.458405
692,21.857273
693,274.9001
694,-90.59166
695,-57.881927
696,-2.4982815
697,-12.16227
698,-14.739635
699,-25.112347
700,-13.45203
701,-7.676506
702,157.9368
703,1006.3238
704,-32.528046
705,7.561615
706,288.1882
707,715.6716
708,101.74914
709,8.084876
710,-4.0219154
711,-94.078186
712,-5.455559
713,-10.646793
714,-33.528336
715,1.2312298
716,-32.68093
717,-466.21918
718,-28.742249
719,4.351906
720,-11.10112
721,-23.07293
722,12.649761
723,44.433235
724,248.93178
725,59.977142
726,24.485508
727,26.162254
728,-52.481033
729,-37.872536
730,16.0
731,7.79924
732,246.9838
733,100.63134
734,105.04193
735,27.056423
736,15.586584
737,34.269997
738,-92.73866
739,-212.68329
740,7.0
741,62.658646
742,4.0
743,95.608986
744,159.53
745,109.35258
746,12.987465
747,11.151985
748,15.024561
749,19.224363
750,2.7691567
751,35.542763
752,28.161484
753,-243.5759
754,11.651947
755,-51.8824
756,-9.171732
757,131.15692
758,115.59172
759,77.96447
760,330.56534
761,112.21504
762,288.17645
763,122.651184
764,-1.8535805
765,99.07814
766,4.2800336
767,141.17914
768,18.72545
769,10.989157
770,6.784842
771,9.429886
772,86.29857
773,66.54899
774,38.941628
775,91.83667
776,-5.133106
777,5.8123474
778,4.4496
779,-142.11102
780,713.0592
781,206.59457
782,992.11914
783,2034.7065
784,159.77005
785,450.96667
786,-202.33826
787,906.6582
788,182.19655
789,36.39859
790,109.700745
791,45.01123
792,70.22799
793,181.3001
794,573.5361
795,344.95337
796,0.65680504
797,17.106586
798,16.0
799,73.56197
800,25.998829
801,10.7037525
802,27.736065
803,18.364418
804,2.0
805,17.0
806,11.0
807,55.460873
808,37.84797
809,52.86041
810,0.783597
811,180.32596
812,17.612234
813,8.0
814,11.0
815,149.727
816,17.0
817,-1.330647
818,6.0
819,5.6122317
820,8.0
821,17.0
822,0.60764825
823,9.062888
824,8.91143
825,6.9524846
826,24.057055
827,22.127148
828,12.395417
829,1.3611321
830,-0.67385864
831,12.923399
832,16.766682
833,25.683178
834,18.310646
835,13.847607
836,3.36098
837,2.4489183
838,-7.9881573
839,4.946909
840,29.720688
841,8.342547
842,4.9594727
843,42.467865
844,0.9570694
845,-30.800163
846,-50.733475
847,4.9177194
848,-1.6265774
849,-54.815414
850,6.715065
851,-37.62178
852,9.114975
853,-17.02708
854,77.78137
855,11.118332
856,63.92375
857,154.77528
858,5.559784
859,11.773216
860,-64.718056
861,9.77256
862,9.824671
863,9.401121
864,8.906146
865,-4.025646
866,58.549343
867,152.21274
868,-28.474186
869,-31.653744
870,-57.16603
871,94.48604
872,-1.7929764
873,-14.09491
874,6.428936
875,95.7747
876,-9.368614
877,140.49088
878,245.31659
879,210.60066
880,152.89383
881,-16.558456
882,144.69896
883,310.6242
884,156.3564
885,306.5849
886,-215.53403
887,-32.770874
888,-35.018745
889,-283.68466
890,7.2554016
891,1306.5585
892,0.8519745
893,239.9649
894,137.44452
895,-48.682617
896,235.35683
897,1603.9758
898,-16.810806
899,-5.40366
900,2.4385986
901,223.31525
902,18.02418
903,117.97411
904,99.22022
905,-106.96326
906,-22.395653
907,-35.358078
908,-27.684563
909,-13.15963
910,-18.751537
911,8.208252
912,37.991753
913,-2.6808167
914,-4.5778427
915,-0.012308121
916,-29.750168
917,11.985373
918,14.20726
919,86.323395
920,70.939514
921,-1.4899206
922,0.89382124
923,17.0
924,28.105087
925,-3.102149
926,-12.229492
927,165.18439
928,1.8406577
929,-16.1156
930,-4.902092
931,-4.890747
932,-0.106015205
933,-85.161865
934,-0.13545895
935,-54.705376
936,178.12323
937,128.9891
938,9.0
939,91.55243
940,40.99597
941,4.0
942,17.0
943,1.0222216
944,2.5239058
945,9.87978
946,42.78416
947,-17.683285
948,49.53604
949,-33.35289
950,-34.42391
951,212.8256
952,-10.657269
953,7.740879
954,2.7612858
955,-5.418392
956,2.2173004
957,-47.08484
958,64.68109
959,364.6983
960,3.8419132
961,-43.18846
962,-255.22824
963,-393.00153
964,681.83344
965,145.73642
966,-1.9290848
967,-29.459488
968,62.161766
969,52.86248
970,5.4527445
971,-2.6865158
972,0.9649582
973,5.7711906
974,6.510206
975,2.0485
976,10.471436
977,12.232878
978,1.111104
979,-0.88683796
980,8.978157
981,-21.880077
982,3.8033638
983,-5.545579
984,-7.255863
985,-34.42256
986,-0.727088
987,7.0
988,10.007681
989,6.901148
990,-9.99312
991,32.63507
992,481.76797
993,-63.69211
994,69.601906
995,413.55032
996,145.20033
997,-14.785782
998,-52.35707
999,-122.2104
1000,-5.4681473
1001,-5.1837254
1002,-13.323238
1003,-2.1111145
1004,-39.184994
1005,-1050.641
1006,-39.02408
1007,-38.288094
1008,66.53197
1009,28.653503
1010,7.218048
1011,-15.358837
1012,129.53207
1013,681.7874
1014,67.24024
1015,31.708904
1016,53.10681
1017,4.8482647
1018,2.8050518
1019,7.0
1020,6.2649956
1021,56.286797
1022,14.347843
1023,783.19385
1024,678.6491
1025,458.5656
1026,86.1768
1027,-56.156425
1028,39.74855
1029,12.0
1030,755.38617
1031,91.84361
1032,225.16699
1033,6.46632
1034,6.0920067
1035,35.727783
1036,9.406568
1037,223.00464
1038,173.41028
0,4.0705442
1,6.102707
2,-15.785736
3,-2.5704365
4,1.5274754
5,24.237206
6,92.117065
7,23.444983
8,309.2249
9,180.57031
10,155.44946
11,-21.81681
12,-14.342691
13,-43.745384
14,38.227737
15,-4.238117
16,-0.37838745
17,0.21330261
18,11.485485
19,2.5713923
20,-24.132534
21,0.88082254
22,-7.295292
23,-113.090515
24,13.467575
25,203.89938
26,80.39809
27,6.4911194
28,55.04785
29,19.396652
30,-21.896793
31,31.083527
32,-13.540291
33,11.646465
34,28.774414
35,-16.727432
36,-56.884583
37,797.068
38,872.83435
39,431.5423
40,150.7568
41,404.59735
42,-201.96332
43,47.46276
44,125.27785
45,-1.9842224
46,626.6824
47,547.7931
48,5.575529
49,-41.043716
50,14.930309
51,-130.46063
52,-16.664078
53,-69.47327
54,61.974777
55,128.50095
56,-15.081066
57,800.8977
58,-988.5786
59,-120.31186
60,-24.171616
61,-0.9454613
62,-0.79674244
63,20.0
64,22.458878
65,4.6439133
66,-5.9585896
67,-7.821823
68,23.399757
69,6.027172
70,4.0
71,16.0
72,5.0
73,-11.003105
74,-2.8497849
75,4.481758
76,-5.5533676
77,2.8807607
78,1064.9893
79,4.76159
80,15.0
81,16.0
82,14.689423
83,-0.5135412
84,1.0
85,1.0
86,5.284602
87,11.0
88,15.0
89,20.140686
90,-2.1072693
91,5.761539
92,-2.5821457
93,1.6910315
94,15.091835
95,0.67692566
96,6.4675198
97,3.5803087
98,-3.418251
99,-15.130829
100,3.932438
101,3.4881134
102,7.138091
103,8.95028
104,-0.84351635
105,-32.20874
106,9.10768
107,-14.419235
108,-0.99441147
109,-1.9054451
110,-21.351822
111,0.14154816
112,-6.1123695
113,18.0
114,16.0
115,15.0
116,12.075941
117,7.3627286
118,-32.088776
119,-832.72534
120,-45.3434
121,12.0
122,-80.32907
123,5.724951
124,-20.481308
125,-119.35614
126,-16.79573
127,-83.67093
128,-18.611362
129,-18.920181
130,7.430889
131,-5.8211727
132,4.9643826
133,15.453205
134,-7.0187597
135,30.081085
136,14.944611
137,-16.845016
138,-7.326271
139,184.64459
140,190.72754
141,137.80383
142,10.964046
143,-1.996315
144,-30.632393
145,-13.63266
146,-20.661217
147,10.685818
148,-16.173004
149,1.705637
150,-12.196014
151,-66.582306
152,-7.773342
153,-2.0125523
154,4.637685
155,5.9432507
156,3.391445
157,-29.071503
158,59.55658
159,99.77698
160,-14.862064
161,107.2601
162,4.0
163,-91.81453
164,301.7148
165,83.95987
166,557.37445
167,22.979939
168,292.56622
169,-17.530815
170,-14.461506
171,-47.83429
172,-23.169106
173,-9.194382
174,100.40213
175,1124.0525
176,33.84935
177,-27.15184
178,-41.194122
179,323.71307
180,925.43524
181,30.22973
182,63.389954
183,-3.290844
184,-19.523872
185,-82.63028
186,-22.535343
187,-34.174553
188,-95.595795
189,-11.785732
190,-20.384779
191,-2614.0796
192,-81.66089
193,-5.385496
194,26.486187
195,28.871231
196,-33.5802
197,-2.1810913
198,-16.426903
199,98.45746
200,449.66214
201,109.23083
202,58.86329
203,100.46345
204,-90.82022
205,-30.632961
206,-60.374733
207,20.0
208,92.20297
209,118.745605
210,72.3662
211,279.77206
212,141.67676
213,14.969467
214,41.508385
215,-8.346781
216,-1286.7318
217,-65.2698
218,41.176197
219,7.0
220,149.27386
221,132.92503
222,89.83244
223,37.641373
224,22.14383
225,32.043976
226,37.068222
227,-1.0836449
228,12.583433
229,-0.09429932
230,98.66823
231,49.106407
232,17.89384
233,-15.549229
234,-2.3505354
235,69.599075
236,15.726263
237,40.22383
238,1.6020908
239,12.0
240,31.497292
241,2.8762603
242,109.25316
243,12.059351
244,11.081892
245,4.9045844
246,11.921488
247,0.33574533
248,-31.479317
249,71.46875
250,130.52682
251,126.04385
252,8.914841
253,633.4817
254,-34.17292
255,20.414352
256,23.689758
257,443.7882
258,1039.9951
259,282.87665
260,90.88739
261,21.167894
262,688.0982
263,474.55005
264,20.666595
265,-65.80655
266,21.887177
267,132.93839
268,883.79724
269,87.47403
270,61.11029
271,7.7662926
272,-37.646713
273,8.499385
274,0.28775787
275,6.0
276,13.0
277,6.0
278,12.139254
279,-1.6761932
280,19.280542
281,0.063323975
282,2.0
283,20.0
284,6.0
285,-5.105522
286,-1.2715073
287,21.96454
288,20.0
289,12.156128
290,-7.660988
291,11.937382
292,3.1870918
293,-39.29387
294,-4.3013268
295,-46.63507
296,7.4539137
297,-9.979116
298,-29.907524
299,-16.182037
300,3.481851
301,-5.819315
302,-2.6058922
303,19.447662
304,-33.276566
305,-300.1045
306,-25.69403
307,21.446587
308,12.859162
309,212.5394
310,56.133987
311,19.390022
312,39.181675
313,11.473734
314,-2.1608505
315,1.1885986
316,-11.528255
317,2.4516754
318,-19.935753
319,29.184502
320,63.399704
321,-11.153749
322,-13.963459
323,-148.22498
324,-10.974297
325,99.16229
326,12.09133
327,26.963852
328,12.611015
329,7.656576
330,-158.31006
331,-35.560654
332,-8.013048
333,-9.931606
334,-26.417854
335,-0.7034035
336,100.37088
337,1960.9558
338,-31.925816
339,4.1654053
340,1171.8043
341,21.808598
342,-3.1929035
343,20.09233
344,5.493042
345,-97.99339
346,51.410675
347,22.553665
348,8.710386
349,-2.719018
350,133.51105
351,-26.408371
352,23.705902
353,-0.40952778
354,-46.13629
355,26.721535
356,70.99892
357,4.5257397
358,4.589153
359,7.798031
360,-10.646435
361,36.911835
362,16.0
363,12.0
364,19.0
365,0.2709236
366,64.20749
367,9.469622
368,4.2251797
369,50.408432
370,-35.0773
371,5.7328787
372,-70.59424
373,-5.642441
374,35.986984
375,13.0
376,-0.2728958
377,9.341118
378,-520.1726
379,2.9028244
380,77.19464
381,1.0
382,272.55728
383,-2.412571
384,12.968536
385,-31.232971
386,3.7039223
387,69.70433
388,6.164673
389,9.554848
390,3.0
391,36.679306
392,9.0
393,16.55402
394,2.5374146
395,37.898033
396,-4.4501
397,27.04155
398,-230.04184
399,-65.336
400,-0.9476166
401,-3.738861
402,12.660721
403,-20.40878
404,7.0
405,139.92491
406,29.495342
407,-17.634552
408,-9.67012
409,-0.19187927
410,4.3728485
411,-3.041398
412,32.23744
413,45.248238
414,8.937228
415,6.166321
416,62.451996
417,-19.060371
418,-3.10038
419,3.8808227
420,9.697699
421,-5.62006
422,-21.639896
423,1.0434833
424,503.68237
425,55.768623
426,61.620605
427,15.419388
428,12.325165
429,4.442875
430,12.0
431,-14.740616
432,58.272583
433,14.1217575
434,179.53285
435,63.32187
436,-1.8589973
437,30.096588
438,-0.34490776
439,10.306026
440,13.0
441,71.36224
442,8.5904045
443,28.170418
444,10.272348
445,41.60354
446,-18.339966
447,30.31601
448,-231.46875
449,-11.126015
450,-117.88788
451,10.753662
452,845.3432
453,242.06163
454,161.45743
455,-406.6808
456,-45.941025
457,-20.169956
458,1.2369537
459,-6.357788
460,31.78437
461,14.591789
462,-21.087997
463,61.066223
464,31.034363
465,129.63872
466,92.88875
467,83.59589
468,17.051708
469,19.493713
470,-1.6521683
471,-19.471863
472,21.357407
473,16.478172
474,19.759111
475,60.597336
476,79.53209
477,7.0
478,6.0
479,5.0
480,28.070412
481,20.0644
482,65.84715
483,31.127518
484,-56.277336
485,240.96567
486,-17.813667
487,-20.37976
488,9.0
489,292.74725
490,-3.0451527
491,-1.4492388
492,3.6010275
493,-1.9079256
494,13.0
495,-6.6633434
496,5.711403
497,13.565165
498,24.037678
499,9.529821
500,11.94949
501,88.96939
502,65.7778
503,9.594437
504,-0.27989197
505,0.5771713
506,15.859266
507,18.185135
508,5.565483
509,-2.6444283
510,5.8623657
511,12.157394
512,-29.044762
513,-16.497936
514,-31.182343
515,-17.741516
516,26.450378
517,-1.0332355
518,-53.241158
519,-19.612019
520,-15.747007
521,64.04056
522,-17.02547
523,-2.4451637
524,4.2630005
525,13.187996
526,5.0
527,-71.63081
528,-16.982075
529,-16.04731
530,-79.12811
531,4.2028103
532,0.5503006
533,-16.536507
534,-6.19116
535,-4.1342106
536,3.2786312
537,10.404703
538,6.9110556
539,-28.971985
540,7.710047
541,-17.650543
542,-77.820404
543,1.1652966
544,-38.12227
545,6.7616444
546,6.2549534
547,27.668537
548,10.79808
549,10.682911
550,0.33581924
551,9.71186
552,-26.855785
553,40.60989
554,-252.02438
555,3.3667984
556,-116.7802
557,35.45156
558,75.38641
559,9.032655
560,11.181984
561,100.932594
562,165.64584
563,48.092476
564,12.375512
565,12.682123
566,627.91425
567,399.0341
568,324.84006
569,355.92633
570,-22.424973
571,-27.869461
572,-6.659584
573,-100.55821
574,-26.255009
575,62.698257
576,1033.004
577,4.306549
578,-17.046242
579,-46.253174
580,475.42822
581,37.454445
582,-19.271
583,47.46396
584,640.6438
585,-8.74202
586,7.0613265
587,13.409363
588,57.690414
589,41.902836
590,95.56999
591,-4.769724
592,2.6757536
593,-0.30498886
594,-0.2815423
595,-19.5836
596,-3.6485558
597,4.8847218
598,0.3447113
599,22.179916
600,-12.248167
601,-91.18953
602,-63.887177
603,-19.532715
604,37.954544
605,11.547981
606,-44.48043
607,17.5042
608,24.178894
609,-1.1143093
610,1.888977
611,17.894558
612,4.515768
613,49.880913
614,-57.199776
615,-38.45259
616,8.0
617,41.097717
618,-36.75105
619,-10.601723
620,197.65088
621,-32.029243
622,-17.801514
623,-14.082199
624,2.1619854
625,-18.598846
626,-5.330063
627,-70.66434
628,11.591098
629,23.793983
630,-8.776993
631,301.83783
632,59.2734
633,15.458736
634,43.183586
635,-6.016407
636,37.484528
637,17.0
638,-5.353697
639,11.820633
640,-10.002632
641,-27.635303
642,3.6478996
643,6.042488
644,6.606003
645,-50.785553
646,3.0
647,41.488983
648,-56.672783
649,31.189188
650,37.507717
651,14.314195
652,194.7666
653,229.81976
654,24.278465
655,110.141335
656,32.761993
657,-28.468246
658,19.0
659,78.071495
660,239.9646
661,255.64487
662,96.119995
663,5.0
664,-127.43016
665,0.29135132
666,7.8785887
667,7.8706293
668,-0.1703577
669,-178.22055
670,134.36824
671,-31.91249
672,-69.302155
673,-1.5135307
674,-54.747498
675,10.861796
676,13.064312
677,3.604515
678,11.71986
679,19.045517
680,1.0
681,692.3801
682,19.0
683,2.0
684,9.0
685,17.0
686,19.0
687,11.0
688,18.684774
689,-32.22017
690,-0.6949625
691,-113.683914
692,21.676764
693,272.07727
694,-91.71901
695,-58.85753
696,-2.5670996
697,-12.32976
698,-14.986946
699,-25.52483
700,-13.741211
701,-7.910248
702,157.11578
703,1001.3102
704,-33.753616
705,7.081856
706,286.56482
707,711.50757
708,100.9883
709,8.013113
710,-4.2324486
711,-95.19147
712,-5.6927795
713,-10.910744
714,-34.080803
715,1.1152287
716,-33.234596
717,-471.2141
718,-29.318512
719,4.212654
720,-11.324505
721,-23.388996
722,12.602463
723,43.870644
724,247.36282
725,59.684414
726,24.37097
727,25.902588
728,-53.186058
729,-38.344673
730,16.0
731,6.5447845
732,246.00735
733,99.914734
734,104.399704
735,26.735859
736,15.470039
737,33.873997
738,-94.0141
739,-215.60617
740,7.0
741,61.901115
742,4.0
743,95.11988
744,158.25458
745,108.63003
746,12.920197
747,10.998682
748,14.975
749,19.092701
750,2.7462714
751,35.061653
752,27.633484
753,-246.33722
754,10.548553
755,-52.505455
756,-9.300106
757,130.48975
758,114.97243
759,77.54262
760,329.50262
761,111.565216
762,286.63635
763,122.007
764,-2.1021004
765,98.61101
766,4.246742
767,140.55565
768,18.690376
769,10.954363
770,6.7292595
771,9.392311
772,85.125336
773,65.86841
774,38.470497
775,82.21106
776,-5.3320465
777,3.995758
778,3.799202
779,-145.80005
780,708.3848
781,204.34503
782,989.75854
783,2028.5869
784,159.01503
785,448.822
786,-207.02356
787,904.10376
788,181.12563
789,36.065884
790,106.61374
791,44.539566
792,69.61301
793,180.29529
794,567.9346
795,341.1819
796,0.6234331
797,17.004147
798,16.0
799,72.95666
800,25.758041
801,10.597633
802,27.325432
803,17.954308
804,2.0
805,17.0
806,11.0
807,55.098183
808,37.610462
809,52.50867
810,0.72187996
811,178.53082
812,17.600367
813,8.0
814,11.0
815,149.10776
816,17.0
817,-1.3591318
818,6.0
819,5.6003633
820,8.0
821,17.0
822,0.5944387
823,8.95426
824,8.892768
825,6.9403744
826,23.95689
827,21.91297
828,12.371512
829,1.3176246
830,-1.1968689
831,12.850877
832,16.37025
833,25.33879
834,17.733894
835,13.559467
836,3.2786436
837,2.4014454
838,-8.108887
839,4.9207983
840,29.277237
841,8.248645
842,4.87455
843,40.087006
844,0.8066921
845,-31.174843
846,-52.1481
847,4.8831196
848,-1.7576904
849,-55.951843
850,6.5691032
851,-38.083565
852,8.813435
853,-17.32827
854,77.124115
855,10.897213
856,63.331207
857,153.73163
858,5.2870903
859,11.732368
860,-65.6078
861,9.724728
862,9.656685
863,9.324517
864,8.867754
865,-4.386814
866,58.36016
867,151.23158
868,-28.906559
869,-32.079536
870,-57.981087
871,93.78794
872,-1.9743271
873,-14.833084
874,6.198086
875,95.24175
876,-9.856331
877,139.99301
878,243.5285
879,209.34251
880,151.29204
881,-17.53894
882,144.11386
883,308.92078
884,155.30145
885,304.87665
886,-218.42401
887,-33.25419
888,-35.46923
889,-286.71924
890,6.7807693
891,1299.5674
892,0.682539
893,237.70258
894,136.56725
895,-49.367958
896,234.39734
897,1598.2588
898,-17.572083
899,-5.666458
900,1.1360168
901,221.79181
902,17.850496
903,117.506096
904,98.84218
905,-108.43111
906,-22.595085
907,-36.073875
908,-28.26065
909,-13.603653
910,-19.135483
911,8.079565
912,37.465134
913,-3.080597
914,-4.8047676
915,-0.16726875
916,-30.284958
917,11.788237
918,14.19876
919,84.28223
920,70.137245
921,-1.596736
922,0.84159946
923,17.0
924,27.647179
925,-3.1970978
926,-12.592335
927,161.50891
928,1.7869749
929,-16.39825
930,-5.013628
931,-5.730446
932,-0.18223095
933,-88.39731
934,-0.17990685
935,-55.31324
936,177.39421
937,127.981186
938,9.0
939,89.84265
940,39.116577
941,4.0
942,17.0
943,0.946682
944,2.481122
945,9.575737
946,42.370815
947,-18.047977
948,49.154324
949,-34.286346
950,-34.812977
951,211.05411
952,-10.756966
953,7.662284
954,2.7199192
955,-5.7417564
956,0.99098206
957,-49.241577
958,62.509766
959,363.73303
960,3.7734842
961,-44.345825
962,-257.86307
963,-397.74786
964,679.47375
965,144.80101
966,-2.428566
967,-30.022873
968,61.542946
969,52.638447
970,5.342039
971,-2.8919697
972,0.7256355
973,5.5058746
974,6.465994
975,1.2138367
976,10.226482
977,12.150739
978,1.0837398
979,-0.9855366
980,8.46669
981,-22.297607
982,3.6423168
983,-5.652996
984,-7.638523
985,-35.246582
986,-0.81775
987,7.0
988,9.989652
989,6.6945305
990,-10.184158
991,32.107254
992,479.49426
993,-66.13107
994,69.383545
995,411.94214
996,144.2877
997,-14.998938
998,-53.295563
999,-123.804184
1000,-5.6097126
1001,-5.384817
1002,-13.568054
1003,-2.216219
1004,-39.58831
1005,-1062.9205
1006,-39.663437
1007,-39.082375
1008,66.108795
1009,28.399124
1010,7.1200953
1011,-15.757938
1012,128.883
1013,679.50055
1014,66.89334
1015,31.557447
1016,52.90403
1017,4.6674576
1018,2.683281
1019,7.0
1020,6.135126
1021,56.00566
1022,14.017845
1023,780.4258
1024,676.4789
1025,455.83307
1026,85.48842
1027,-57.019394
1028,39.569023
1029,12.0
1030,751.4984
1031,91.326035
1032,224.27557
1033,6.2616863
1034,5.926424
1035,35.314087
1036,9.3122635
1037,220.93854
1038,172.69162
0,4.0678263
1,6.0581512
2,-15.830521
3,-2.5771427
4,1.5220432
5,24.21753
6,92.088646
7,23.437084
8,308.9458
9,180.48923
10,155.36014
11,-21.853996
12,-14.351484
13,-43.77746
14,38.18358
15,-4.244768
16,-0.51348877
17,0.20881462
18,11.472893
19,2.5706959
20,-24.145432
21,0.88040864
22,-7.310066
23,-113.197815
24,13.404053
25,203.77478
26,80.36086
27,6.468483
28,54.725952
29,19.34932
30,-21.910492
31,31.023697
32,-13.561226
33,11.638023
34,25.688477
35,-16.772156
36,-57.0589
37,796.8007
38,872.6656
39,431.42426
40,150.67151
41,404.4322
42,-202.18762
43,47.43592
44,125.22337
45,-2.0557098
46,626.5247
47,547.65753
48,5.5675793
49,-41.090958
50,14.920044
51,-130.57614
52,-16.716995
53,-69.72089
54,61.922638
55,128.39001
56,-15.094353
57,800.65344
58,-989.5305
59,-120.43265
60,-24.19349
61,-0.9503555
62,-0.8010645
63,20.0
64,22.396774
65,4.6223984
66,-5.9682484
67,-7.8899994
68,23.363571
69,6.0163345
70,4.0
71,16.0
72,5.0
73,-11.021259
74,-2.8708344
75,4.4581375
76,-5.5813828
77,2.8803468
78,1063.2715
79,4.760762
80,15.0
81,16.0
82,14.623428
83,-0.5170593
84,1.0
85,1.0
86,5.282119
87,11.0
88,15.0
89,20.035614
90,-2.1090775
91,5.7607117
92,-2.600193
93,1.6881418
94,15.091088
95,0.6390457
96,6.460104
97,3.5801535
98,-3.4233093
99,-15.145302
100,3.9274845
101,3.4220734
102,7.1351748
103,8.946618
104,-0.8457556
105,-32.2937
106,9.105067
107,-14.455666
108,-1.0064621
109,-1.9195786
110,-21.410004
111,0.12857056
112,-6.1177197
113,18.0
114,16.0
115,15.0
116,12.070824
117,7.3609104
118,-32.120743
119,-833.551
120,-45.373024
121,12.0
122,-80.38098
123,5.717272
124,-20.511887
125,-119.60828
126,-16.827934
127,-83.70817
128,-18.6237
129,-18.951553
130,7.4216213
131,-5.829529
132,4.9620104
133,15.450764
134,-7.0229006
135,30.057083
136,14.888901
137,-16.873016
138,-7.340004
139,184.36633
140,190.12549
141,137.67743
142,10.961277
143,-2.004776
144,-30.650532
145,-13.64056
146,-20.689293
147,10.679516
148,-16.211182
149,1.6980648
150,-12.20673
151,-66.65874
152,-7.7867165
153,-2.0199528
154,4.6346273
155,5.9379616
156,3.3903725
157,-29.168335
158,59.456238
159,99.68643
160,-14.87521
161,107.18198
162,4.0
163,-91.86662
164,301.5838
165,83.91527
166,557.2107
167,22.960682
168,292.38727
169,-17.544395
170,-14.473206
171,-47.86322
172,-23.189972
173,-9.238327
174,100.366646
175,1123.7869
176,33.827934
177,-27.226791
178,-41.29413
179,323.6133
180,925.1879
181,30.220787
182,63.303833
183,-3.3020782
184,-19.54234
185,-82.68065
186,-22.553486
187,-34.201393
188,-95.651794
189,-11.793907
190,-20.393055
191,-2615.6035
192,-81.71547
193,-5.394964
194,26.477907
195,28.85735
196,-33.603462
197,-2.1868896
198,-16.440582
199,98.42758
200,449.5191
201,109.20562
202,58.83554
203,100.441895
204,-90.877426
205,-30.647438
206,-60.41259
207,20.0
208,92.12962
209,118.69733
210,72.33119
211,279.66507
212,141.60106
213,14.954105
214,41.488365
215,-8.352028
216,-1287.272
217,-65.29505
218,41.159794
219,7.0
220,149.21289
221,132.86452
222,89.797386
223,37.603218
224,22.118355
225,32.018005
226,37.035393
227,-1.0968819
228,12.58138
229,-0.1080246
230,98.60971
231,49.09038
232,17.886978
233,-15.5602
234,-2.354025
235,69.548935
236,15.72376
237,40.182465
238,1.5960369
239,12.0
240,31.487106
241,2.8750033
242,109.214325
243,12.057536
244,11.074015
245,4.903025
246,11.919914
247,0.3349588
248,-31.51117
249,71.32297
250,130.43262
251,125.94879
252,8.84343
253,632.6316
254,-34.203644
255,20.371735
256,23.658394
257,443.72162
258,1039.8362
259,282.83234
260,90.847565
261,21.159409
262,687.99286
263,474.42166
264,20.636055
265,-65.959656
266,21.768005
267,132.83923
268,883.51276
269,87.42445
270,61.0334
271,7.754776
272,-37.684982
273,8.498232
274,0.28181648
275,6.0
276,13.0
277,6.0
278,12.137482
279,-1.6821518
280,19.275288
281,0.0027618408
282,2.0
283,20.0
284,6.0
285,-5.118805
286,-1.2952042
287,21.955938
288,20.0
289,12.153944
290,-7.682289
291,11.931238
292,3.1798172
293,-39.342697
294,-4.304158
295,-46.698914
296,7.4527564
297,-9.985233
298,-29.928986
299,-16.282013
300,3.4809198
301,-5.825157
302,-2.6125393
303,19.42157
304,-33.317352
305,-300.51172
306,-25.722862
307,21.433567
308,12.856361
309,212.43271
310,56.108185
311,19.368706
312,39.165527
313,11.4659195
314,-2.162146
315,1.1762695
316,-11.545273
317,2.4422512
318,-19.970848
319,29.150177
320,63.33899
321,-11.162495
322,-13.97377
323,-148.30142
324,-10.98954
325,99.00006
326,12.084063
327,26.94423
328,12.572556
329,7.6481514
330,-158.64502
331,-35.587593
332,-8.019211
333,-9.94281
334,-26.436806
335,-0.70656204
336,100.24878
337,1959.8193
338,-31.941093
339,4.1156464
340,1171.3827
341,21.797886
342,-3.1957216
343,20.077957
344,5.4832764
345,-98.05409
346,51.35103
347,22.521622
348,8.706264
349,-2.722599
350,133.39651
351,-26.439285
352,23.685104
353,-0.41226006
354,-46.169395
355,26.687744
356,70.968124
357,4.519188
358,4.5878563
359,7.787403
360,-10.651791
361,36.882248
362,16.0
363,12.0
364,19.0
365,0.26099777
366,64.09683
367,9.464699
368,4.2163258
369,50.384842
370,-35.161255
371,5.7295656
372,-70.742004
373,-5.6744614
374,35.9375
375,13.0
376,-0.28114128
377,9.323856
378,-520.3932
379,2.8756409
380,77.07486
381,1.0
382,272.4759
383,-2.4179707
384,12.9583435
385,-31.250664
386,3.698616
387,69.6494
388,6.1142273
389,9.529938
390,3.0
391,36.65985
392,9.0
393,16.55258
394,2.5243492
395,37.872856
396,-4.455017
397,27.007576
398,-230.17737
399,-65.41739
400,-0.96813965
401,-3.7499733
402,12.650883
403,-20.42398
404,7.0
405,139.88776
406,29.480404
407,-17.687714
408,-9.698074
409,-0.19773865
410,4.3682175
411,-3.0447369
412,32.223045
413,45.20977
414,8.933505
415,6.1385803
416,62.37915
417,-19.081139
418,-3.110279
419,3.8804088
420,9.696076
421,-5.629526
422,-21.6506
423,1.0414176
424,503.43542
425,55.731285
426,61.585587
427,15.381546
428,12.314129
429,4.4325523
430,12.0
431,-14.761436
432,58.17444
433,14.111778
434,179.46242
435,63.278503
436,-1.8781242
437,30.055023
438,-0.3467884
439,10.294376
440,13.0
441,71.319046
442,8.575344
443,28.149475
444,10.265266
445,41.592
446,-18.392761
447,30.29264
448,-231.59
449,-11.140301
450,-117.966
451,10.728432
452,845.0597
453,242.00217
454,161.40471
455,-406.8841
456,-45.974045
457,-20.18721
458,1.1974335
459,-6.3755226
460,31.770416
461,14.566536
462,-21.150604
463,61.003418
464,31.022701
465,129.59079
466,92.86197
467,83.48251
468,17.044468
469,19.481693
470,-1.6605587
471,-19.482357
472,21.330772
473,16.464104
474,19.751738
475,60.52928
476,79.48537
477,7.0
478,6.0
479,5.0
480,28.042969
481,20.032639
482,65.80585
483,31.115238
484,-56.30092
485,240.89453
486,-17.826912
487,-20.390625
488,9.0
489,292.6513
490,-3.0476227
491,-1.453722
492,3.60051
493,-1.9099002
494,13.0
495,-6.671728
496,5.7088966
497,13.560299
498,24.02383
499,9.524389
500,11.9366
501,88.922226
502,65.75085
503,9.590101
504,-0.28662682
505,0.56638336
506,15.8576565
507,18.134216
508,5.557413
509,-2.658245
510,5.807068
511,12.155836
512,-29.071457
513,-16.50925
514,-31.22071
515,-17.908691
516,26.421875
517,-1.0391026
518,-53.261963
519,-19.626305
520,-15.753939
521,63.991547
522,-17.03521
523,-2.457878
524,4.1474
525,13.187051
526,5.0
527,-71.66874
528,-16.992367
529,-16.075348
530,-79.331055
531,4.194954
532,0.53780365
533,-16.564804
534,-6.200289
535,-4.1375017
536,3.277298
537,10.399845
538,6.906871
539,-29.085907
540,7.7019825
541,-17.672333
542,-77.86395
543,1.1603565
544,-38.145256
545,6.7608166
546,6.248867
547,27.650856
548,10.782757
549,10.676155
550,0.3193245
551,9.70872
552,-26.870605
553,40.59519
554,-252.13861
555,3.3587074
556,-116.83743
557,35.44586
558,75.36253
559,9.031153
560,11.168625
561,100.89653
562,165.59042
563,48.0741
564,12.371386
565,12.676729
566,627.7383
567,398.90616
568,324.75864
569,355.83032
570,-22.447159
571,-27.88416
572,-6.6732025
573,-100.60306
574,-26.269875
575,62.63365
576,1032.5657
577,4.2952614
578,-17.060295
579,-46.32762
580,475.70776
581,37.436947
582,-19.285992
583,47.440804
584,640.31506
585,-8.768532
586,7.060211
587,13.389191
588,57.64949
589,41.888268
590,95.535416
591,-4.774417
592,2.671651
593,-0.308527
594,-0.28393316
595,-19.602116
596,-3.664444
597,4.881977
598,0.3402624
599,22.166641
600,-12.25461
601,-91.25406
602,-63.92729
603,-19.612549
604,37.937073
605,11.533062
606,-44.5158
607,17.502369
608,24.09732
609,-1.1182747
610,1.8817635
611,17.890463
612,4.5131464
613,49.860497
614,-57.2213
615,-38.467182
616,8.0
617,41.02809
618,-36.76854
619,-10.623749
620,197.53522
621,-32.056244
622,-17.830437
623,-14.101013
624,2.152773
625,-18.620323
626,-5.354721
627,-70.76544
628,11.590379
629,23.775818
630,-8.789547
631,301.752
632,59.249428
633,15.441376
634,43.151527
635,-6.029972
636,37.410614
637,17.0
638,-5.3612022
639,11.817659
640,-10.0172615
641,-27.649273
642,3.6321487
643,6.0366707
644,6.6028414
645,-50.84984
646,3.0
647,41.469345
648,-56.703766
649,31.181896
650,37.494274
651,14.310519
652,194.6665
653,229.716
654,24.243698
655,110.11272
656,32.753002
657,-28.485111
658,19.0
659,78.04345
660,239.8451
661,255.54602
662,96.076645
663,5.0
664,-127.496
665,0.28060532
666,7.8760195
667,7.868927
668,-0.17411327
669,-178.31433
670,134.30385
671,-31.935738
672,-69.33434
673,-1.5240021
674,-54.796432
675,10.8606205
676,13.061166
677,3.587803
678,11.711245
679,19.02584
680,1.0
681,692.1816
682,19.0
683,2.0
684,9.0
685,17.0
686,19.0
687,11.0
688,18.680115
689,-32.286606
690,-0.69810104
691,-113.74066
692,21.668407
693,271.9466
694,-91.77121
695,-58.902695
696,-2.5702848
697,-12.337513
698,-14.99839
699,-25.543919
700,-13.754589
701,-7.9210663
702,157.07777
703,1001.0782
704,-33.810318
705,7.059639
706,286.48935
707,711.3148
708,100.95306
709,8.009791
710,-4.242195
711,-95.243
712,-5.703762
713,-10.922966
714,-34.106377
715,1.1098595
716,-33.260223
717,-471.44525
718,-29.345192
719,4.206211
720,-11.3348465
721,-23.40363
722,12.600273
723,43.84459
724,247.28992
725,59.670868
726,24.36567
727,25.890572
728,-53.21868
729,-38.366524
730,16.0
731,6.4866943
732,245.96214
733,99.88156
734,104.36996
735,26.721027
736,15.464645
737,33.85566
738,-94.07318
739,-215.74146
740,7.0
741,61.866028
742,4.0
743,95.09724
744,158.19545
745,108.59659
746,12.917083
747,10.991589
748,14.972707
749,19.086609
750,2.745212
751,35.039383
752,27.609032
753,-244.69339
754,11.206726
755,-52.134193
756,-9.223539
757,130.45883
758,115.34144
759,77.52307
760,330.13525
761,111.95225
762,287.55396
763,121.977165
764,-1.95401
765,98.58937
766,4.2452
767,140.92723
768,18.711292
769,10.952751
770,6.762251
771,9.414743
772,85.82466
773,65.836876
774,38.75107
775,81.78052
776,-5.341257
777,5.0776978
778,4.1867905
779,-145.9696
780,711.1664
781,205.68478
782,991.16345
783,2028.3152
784,159.46478
785,448.72287
786,-207.2414
787,905.62585
788,181.07596
789,36.264122
790,106.47012
791,44.517708
792,69.97965
793,180.89403
794,571.2732
795,343.4301
796,0.6433315
797,16.999403
798,16.0
799,73.25286
800,25.901363
801,10.660914
802,27.570278
803,18.198639
804,2.0
805,17.0
806,11.0
807,55.081383
808,37.751972
809,52.718407
810,0.75868225
811,179.60004
812,17.607439
813,8.0
814,11.0
815,149.47717
816,17.0
817,-1.3421478
818,6.0
819,5.6074367
820,8.0
821,17.0
822,0.60232043
823,9.019068
824,8.891905
825,6.9475875
826,24.016655
827,22.040648
828,12.370406
829,1.3435698
830,-1.2210922
831,12.894132
832,16.35189
833,25.322845
834,17.707184
835,13.731426
836,3.3277454
837,2.4297328
838,-8.114475
839,4.9363713
840,29.541481
841,8.244298
842,4.9252224
843,41.504944
844,0.8963375
845,-30.951366
846,-51.305847
847,4.903725
848,-1.6794586
849,-55.27542
850,6.656111
851,-37.808136
852,8.9931755
853,-17.148903
854,77.51598
855,10.8869705
856,63.303673
857,153.68326
858,5.449669
859,11.756718
860,-65.077644
861,9.753254
862,9.648907
863,9.37022
864,8.890623
865,-4.4035378
866,58.351513
867,151.18599
868,-28.648956
869,-31.825703
870,-58.01838
871,94.20365
872,-1.866251
873,-14.392975
874,6.335785
875,95.55939
876,-9.565506
877,140.29
878,243.44528
879,210.09206
880,152.24583
881,-16.954773
882,144.08675
883,309.93637
884,155.25238
885,305.8943
886,-216.70285
887,-32.96608
888,-35.490097
889,-284.9116
890,7.0637436
891,1303.7319
892,0.7835789
893,237.59735
894,137.08987
895,-48.959488
896,234.96939
897,1601.6562
898,-17.118408
899,-5.5099335
900,1.911087
901,221.72105
902,17.954002
903,117.48441
904,98.82466
905,-107.55867
906,-22.604315
907,-35.647476
908,-28.287323
909,-13.624229
910,-18.906406
911,8.0736065
912,37.778923
913,-3.0991058
914,-4.815277
915,-0.074920654
916,-29.96656
917,11.779106
918,14.198366
919,85.49747
920,70.61529
921,-1.5330896
922,0.8727317
923,17.0
924,27.625969
925,-3.1404562
926,-12.375938
927,161.33838
928,1.8189769
929,-16.229557
930,-5.018793
931,-5.230217
932,-0.13680553
933,-86.47119
934,-0.1819644
935,-54.95056
936,177.82881
937,127.93448
938,9.0
939,90.86102
940,40.23532
941,4.0
942,17.0
943,0.99172497
944,2.4791408
945,9.756962
946,42.61723
947,-17.830654
948,49.136646
949,-33.729935
950,-34.580894
951,212.11
952,-10.697517
953,7.709161
954,2.7445655
955,-5.7567825
956,1.7213135
957,-47.958008
958,63.80316
959,363.68817
960,3.7703161
961,-43.657135
962,-256.2943
963,-394.92493
964,680.8803
965,145.35788
966,-2.13089
967,-29.68689
968,61.91195
969,52.62807
970,5.4080534
971,-2.9014854
972,0.86833954
973,5.4935913
974,6.492376
975,1.7110672
976,10.372597
977,12.199732
978,1.1000643
979,-0.9901123
980,8.771477
981,-22.316948
982,3.7383213
983,-5.589075
984,-7.4103203
985,-34.755478
986,-0.8219471
987,7.0
988,9.988817
989,6.8178253
990,-10.0703335
991,32.421913
992,480.84946
993,-64.67801
994,69.37344
995,412.90063
996,144.2454
997,-14.871777
998,-52.736435
999,-122.855774
1000,-5.5253105
1001,-5.26507
1002,-13.422192
1003,-2.2210846
1004,-39.34788
1005,-1055.6149
1006,-39.69304
1007,-38.608963
1008,66.36093
1009,28.387344
1010,7.178525
1011,-15.776417
1012,128.85292
1013,679.3987
1014,67.100075
1015,31.647745
1016,53.025013
1017,4.7752895
1018,2.755825
1019,7.0
1020,6.2122974
1021,56.173107
1022,14.214352
1023,780.3024
1024,677.77167
1025,455.70676
1026,85.456535
1027,-56.504898
1028,39.675976
1029,12.0
1030,753.8171
1031,91.30205
1032,224.80658
1033,6.383707
1034,6.0251846
1035,35.560303
1036,9.307896
1037,222.16962
1038,173.11942
