,item_id,date,Region,p50
0,sku-1,2021-06-01T00:00:00Z,east,18
1,sku-10,2021-06-01T00:00:00Z,east,12
2,sku-106,2021-06-01T00:00:00Z,east,164
3,sku-107,2021-06-01T00:00:00Z,east,25
4,sku-108,2021-06-01T00:00:00Z,east,141
5,sku-109,2021-06-01T00:00:00Z,east,15
6,sku-110,2021-06-01T00:00:00Z,east,12
7,sku-111,2021-06-01T00:00:00Z,east,43
8,sku-112,2021-06-01T00:00:00Z,east,5
9,sku-113,2021-06-01T00:00:00Z,east,116
10,sku-114,2021-06-01T00:00:00Z,east,17
11,sku-115,2021-06-01T00:00:00Z,east,30
12,sku-116,2021-06-01T00:00:00Z,east,8
13,sku-117,2021-06-01T00:00:00Z,east,17
14,sku-118,2021-06-01T00:00:00Z,east,1
15,sku-119,2021-06-01T00:00:00Z,east,92
16,sku-120,2021-06-01T00:00:00Z,east,384
17,sku-121,2021-06-01T00:00:00Z,east,273
18,sku-123,2021-06-01T00:00:00Z,east,189
19,sku-124,2021-06-01T00:00:00Z,east,183
20,sku-125,2021-06-01T00:00:00Z,east,3421
21,sku-126,2021-06-01T00:00:00Z,east,9
22,sku-127,2021-06-01T00:00:00Z,east,105
23,sku-13,2021-06-01T00:00:00Z,east,126
24,sku-132,2021-06-01T00:00:00Z,east,421
25,sku-133,2021-06-01T00:00:00Z,east,1031
26,sku-134,2021-06-01T00:00:00Z,east,234
27,sku-138,2021-06-01T00:00:00Z,east,139
28,sku-139,2021-06-01T00:00:00Z,east,31
29,sku-140,2021-06-01T00:00:00Z,east,760
30,sku-141,2021-06-01T00:00:00Z,east,525
31,sku-144,2021-06-01T00:00:00Z,east,60
32,sku-146,2021-06-01T00:00:00Z,east,266
33,sku-147,2021-06-01T00:00:00Z,east,160
34,sku-148,2021-06-01T00:00:00Z,east,291
35,sku-149,2021-06-01T00:00:00Z,east,1140
36,sku-150,2021-06-01T00:00:00Z,east,136
37,sku-151,2021-06-01T00:00:00Z,east,265
38,sku-152,2021-06-01T00:00:00Z,east,51
39,sku-157,2021-06-01T00:00:00Z,east,71
40,sku-158,2021-06-01T00:00:00Z,east,14
41,sku-161,2021-06-01T00:00:00Z,east,28
42,sku-162,2021-06-01T00:00:00Z,east,6
43,sku-163,2021-06-01T00:00:00Z,east,13
44,sku-164,2021-06-01T00:00:00Z,east,6
45,sku-165,2021-06-01T00:00:00Z,east,18
46,sku-166,2021-06-01T00:00:00Z,east,13
47,sku-167,2021-06-01T00:00:00Z,east,28
48,sku-17,2021-06-01T00:00:00Z,east,107
49,sku-172,2021-06-01T00:00:00Z,east,2
50,sku-178,2021-06-01T00:00:00Z,east,20
51,sku-179,2021-06-01T00:00:00Z,east,6
52,sku-182,2021-06-01T00:00:00Z,east,37
53,sku-185,2021-06-01T00:00:00Z,east,55
54,sku-186,2021-06-01T00:00:00Z,east,41
55,sku-187,2021-06-01T00:00:00Z,east,20
56,sku-189,2021-06-01T00:00:00Z,east,25
57,sku-190,2021-06-01T00:00:00Z,east,41
58,sku-194,2021-06-01T00:00:00Z,east,32
59,sku-195,2021-06-01T00:00:00Z,east,30
60,sku-196,2021-06-01T00:00:00Z,east,141
61,sku-198,2021-06-01T00:00:00Z,east,8
62,sku-199,2021-06-01T00:00:00Z,east,177
63,sku-2,2021-06-01T00:00:00Z,east,10
64,sku-20,2021-06-01T00:00:00Z,east,17
65,sku-205,2021-06-01T00:00:00Z,east,114
66,sku-206,2021-06-01T00:00:00Z,east,347
67,sku-208,2021-06-01T00:00:00Z,east,205
68,sku-21,2021-06-01T00:00:00Z,east,58
69,sku-210,2021-06-01T00:00:00Z,east,26
70,sku-211,2021-06-01T00:00:00Z,east,92
71,sku-214,2021-06-01T00:00:00Z,east,39
72,sku-216,2021-06-01T00:00:00Z,east,1018
73,sku-217,2021-06-01T00:00:00Z,east,28
74,sku-219,2021-06-01T00:00:00Z,east,44
75,sku-22,2021-06-01T00:00:00Z,east,67
76,sku-220,2021-06-01T00:00:00Z,east,451
77,sku-221,2021-06-01T00:00:00Z,east,121
78,sku-224,2021-06-01T00:00:00Z,east,65
79,sku-225,2021-06-01T00:00:00Z,east,67
80,sku-226,2021-06-01T00:00:00Z,east,29
81,sku-23,2021-06-01T00:00:00Z,east,7
82,sku-230,2021-06-01T00:00:00Z,east,25
83,sku-231,2021-06-01T00:00:00Z,east,5
84,sku-232,2021-06-01T00:00:00Z,east,14
85,sku-233,2021-06-01T00:00:00Z,east,28
86,sku-234,2021-06-01T00:00:00Z,east,103
87,sku-237,2021-06-01T00:00:00Z,east,154
88,sku-239,2021-06-01T00:00:00Z,east,22
89,sku-24,2021-06-01T00:00:00Z,east,73
90,sku-240,2021-06-01T00:00:00Z,east,40
91,sku-244,2021-06-01T00:00:00Z,east,49
92,sku-248,2021-06-01T00:00:00Z,east,493
93,sku-25,2021-06-01T00:00:00Z,east,22
94,sku-250,2021-06-01T00:00:00Z,east,78
95,sku-251,2021-06-01T00:00:00Z,east,46
96,sku-257,2021-06-01T00:00:00Z,east,18
97,sku-258,2021-06-01T00:00:00Z,east,146
98,sku-259,2021-06-01T00:00:00Z,east,134
99,sku-26,2021-06-01T00:00:00Z,east,17
100,sku-260,2021-06-01T00:00:00Z,east,57
101,sku-261,2021-06-01T00:00:00Z,east,3928
102,sku-262,2021-06-01T00:00:00Z,east,47
103,sku-263,2021-06-01T00:00:00Z,east,477
104,sku-264,2021-06-01T00:00:00Z,east,5307
105,sku-265,2021-06-01T00:00:00Z,east,12
106,sku-267,2021-06-01T00:00:00Z,east,238
107,sku-268,2021-06-01T00:00:00Z,east,2180
108,sku-269,2021-06-01T00:00:00Z,east,51
109,sku-27,2021-06-01T00:00:00Z,east,16
110,sku-270,2021-06-01T00:00:00Z,east,63
111,sku-271,2021-06-01T00:00:00Z,east,23
112,sku-272,2021-06-01T00:00:00Z,east,13
113,sku-275,2021-06-01T00:00:00Z,east,106
114,sku-276,2021-06-01T00:00:00Z,east,68
115,sku-278,2021-06-01T00:00:00Z,east,15
116,sku-28,2021-06-01T00:00:00Z,east,38
117,sku-287,2021-06-01T00:00:00Z,east,288
118,sku-288,2021-06-01T00:00:00Z,east,48
119,sku-289,2021-06-01T00:00:00Z,east,51
120,sku-29,2021-06-01T00:00:00Z,east,19
121,sku-291,2021-06-01T00:00:00Z,east,14
122,sku-292,2021-06-01T00:00:00Z,east,78
123,sku-293,2021-06-01T00:00:00Z,east,99
124,sku-297,2021-06-01T00:00:00Z,east,19
125,sku-3,2021-06-01T00:00:00Z,east,8
126,sku-30,2021-06-01T00:00:00Z,east,49
127,sku-306,2021-06-01T00:00:00Z,east,13
128,sku-31,2021-06-01T00:00:00Z,east,81
129,sku-312,2021-06-01T00:00:00Z,east,16
130,sku-315,2021-06-01T00:00:00Z,east,12
131,sku-316,2021-06-01T00:00:00Z,east,19
132,sku-319,2021-06-01T00:00:00Z,east,36
133,sku-32,2021-06-01T00:00:00Z,east,181
134,sku-321,2021-06-01T00:00:00Z,east,26
135,sku-322,2021-06-01T00:00:00Z,east,48
136,sku-328,2021-06-01T00:00:00Z,east,93
137,sku-329,2021-06-01T00:00:00Z,east,80
138,sku-33,2021-06-01T00:00:00Z,east,43
139,sku-330,2021-06-01T00:00:00Z,east,101
140,sku-332,2021-06-01T00:00:00Z,east,38
141,sku-337,2021-06-01T00:00:00Z,east,148
142,sku-338,2021-06-01T00:00:00Z,east,13
143,sku-339,2021-06-01T00:00:00Z,east,17
144,sku-34,2021-06-01T00:00:00Z,east,39
145,sku-340,2021-06-01T00:00:00Z,east,392
146,sku-342,2021-06-01T00:00:00Z,east,57
147,sku-343,2021-06-01T00:00:00Z,east,248
148,sku-344,2021-06-01T00:00:00Z,east,0
149,sku-345,2021-06-01T00:00:00Z,east,278
150,sku-352,2021-06-01T00:00:00Z,east,32
151,sku-359,2021-06-01T00:00:00Z,east,32
152,sku-36,2021-06-01T00:00:00Z,east,54
153,sku-361,2021-06-01T00:00:00Z,east,17
154,sku-37,2021-06-01T00:00:00Z,east,152
155,sku-386,2021-06-01T00:00:00Z,east,59
156,sku-387,2021-06-01T00:00:00Z,east,29
157,sku-389,2021-06-01T00:00:00Z,east,3
158,sku-39,2021-06-01T00:00:00Z,east,65
159,sku-392,2021-06-01T00:00:00Z,east,9
160,sku-399,2021-06-01T00:00:00Z,east,240
161,sku-4,2021-06-01T00:00:00Z,east,23
162,sku-40,2021-06-01T00:00:00Z,east,83
163,sku-403,2021-06-01T00:00:00Z,east,15
164,sku-404,2021-06-01T00:00:00Z,east,111
165,sku-405,2021-06-01T00:00:00Z,east,300
166,sku-406,2021-06-01T00:00:00Z,east,19
167,sku-407,2021-06-01T00:00:00Z,east,22
168,sku-408,2021-06-01T00:00:00Z,east,26
169,sku-409,2021-06-01T00:00:00Z,east,28
170,sku-41,2021-06-01T00:00:00Z,east,49
171,sku-410,2021-06-01T00:00:00Z,east,18
172,sku-411,2021-06-01T00:00:00Z,east,82
173,sku-412,2021-06-01T00:00:00Z,east,61
174,sku-413,2021-06-01T00:00:00Z,east,112
175,sku-414,2021-06-01T00:00:00Z,east,13
176,sku-415,2021-06-01T00:00:00Z,east,13
177,sku-44,2021-06-01T00:00:00Z,east,28
178,sku-45,2021-06-01T00:00:00Z,east,7
179,sku-47,2021-06-01T00:00:00Z,east,48
180,sku-5,2021-06-01T00:00:00Z,east,72
181,sku-50,2021-06-01T00:00:00Z,east,21
182,sku-51,2021-06-01T00:00:00Z,east,60
183,sku-53,2021-06-01T00:00:00Z,east,210
184,sku-56,2021-06-01T00:00:00Z,east,111
185,sku-57,2021-06-01T00:00:00Z,east,53
186,sku-59,2021-06-01T00:00:00Z,east,5
187,sku-6,2021-06-01T00:00:00Z,east,20
188,sku-62,2021-06-01T00:00:00Z,east,30
189,sku-66,2021-06-01T00:00:00Z,east,275
190,sku-67,2021-06-01T00:00:00Z,east,12
191,sku-69,2021-06-01T00:00:00Z,east,1536
192,sku-7,2021-06-01T00:00:00Z,east,143
193,sku-70,2021-06-01T00:00:00Z,east,156
194,sku-71,2021-06-01T00:00:00Z,east,49
195,sku-72,2021-06-01T00:00:00Z,east,45
196,sku-73,2021-06-01T00:00:00Z,east,40
197,sku-76,2021-06-01T00:00:00Z,east,12
198,sku-77,2021-06-01T00:00:00Z,east,45
199,sku-78,2021-06-01T00:00:00Z,east,260
200,sku-79,2021-06-01T00:00:00Z,east,29
201,sku-8,2021-06-01T00:00:00Z,east,370
202,sku-80,2021-06-01T00:00:00Z,east,184
203,sku-81,2021-06-01T00:00:00Z,east,39
204,sku-82,2021-06-01T00:00:00Z,east,119
205,sku-84,2021-06-01T00:00:00Z,east,-12
206,sku-86,2021-06-01T00:00:00Z,east,30
207,sku-87,2021-06-01T00:00:00Z,east,13
208,sku-88,2021-06-01T00:00:00Z,east,155
209,sku-89,2021-06-01T00:00:00Z,east,30
210,sku-9,2021-06-01T00:00:00Z,east,89
211,sku-97,2021-06-01T00:00:00Z,east,21
212,sku-1,2021-06-01T00:00:00Z,north,8
213,sku-10,2021-06-01T00:00:00Z,north,143
214,sku-100,2021-06-01T00:00:00Z,north,62
215,sku-101,2021-06-01T00:00:00Z,north,118
216,sku-102,2021-06-01T00:00:00Z,north,18
217,sku-103,2021-06-01T00:00:00Z,north,42
218,sku-104,2021-06-01T00:00:00Z,north,123
219,sku-105,2021-06-01T00:00:00Z,north,26
220,sku-106,2021-06-01T00:00:00Z,north,492
221,sku-107,2021-06-01T00:00:00Z,north,130
222,sku-108,2021-06-01T00:00:00Z,north,219
223,sku-109,2021-06-01T00:00:00Z,north,36
224,sku-11,2021-06-01T00:00:00Z,north,32
225,sku-110,2021-06-01T00:00:00Z,north,42
226,sku-111,2021-06-01T00:00:00Z,north,31
227,sku-112,2021-06-01T00:00:00Z,north,12
228,sku-113,2021-06-01T00:00:00Z,north,30
229,sku-114,2021-06-01T00:00:00Z,north,13
230,sku-115,2021-06-01T00:00:00Z,north,25
231,sku-116,2021-06-01T00:00:00Z,north,4
232,sku-117,2021-06-01T00:00:00Z,north,6
233,sku-118,2021-06-01T00:00:00Z,north,2
234,sku-119,2021-06-01T00:00:00Z,north,57
235,sku-12,2021-06-01T00:00:00Z,north,126
236,sku-120,2021-06-01T00:00:00Z,north,80
237,sku-121,2021-06-01T00:00:00Z,north,317
238,sku-122,2021-06-01T00:00:00Z,north,119
239,sku-123,2021-06-01T00:00:00Z,north,23
240,sku-124,2021-06-01T00:00:00Z,north,1061
241,sku-125,2021-06-01T00:00:00Z,north,121
242,sku-126,2021-06-01T00:00:00Z,north,35
243,sku-127,2021-06-01T00:00:00Z,north,167
244,sku-128,2021-06-01T00:00:00Z,north,3
245,sku-129,2021-06-01T00:00:00Z,north,21
246,sku-13,2021-06-01T00:00:00Z,north,5573
247,sku-130,2021-06-01T00:00:00Z,north,30
248,sku-131,2021-06-01T00:00:00Z,north,136
249,sku-132,2021-06-01T00:00:00Z,north,826
250,sku-133,2021-06-01T00:00:00Z,north,932
251,sku-134,2021-06-01T00:00:00Z,north,574
252,sku-135,2021-06-01T00:00:00Z,north,249
253,sku-136,2021-06-01T00:00:00Z,north,365
254,sku-137,2021-06-01T00:00:00Z,north,884
255,sku-138,2021-06-01T00:00:00Z,north,67
256,sku-139,2021-06-01T00:00:00Z,north,120
257,sku-14,2021-06-01T00:00:00Z,north,182
258,sku-140,2021-06-01T00:00:00Z,north,762
259,sku-141,2021-06-01T00:00:00Z,north,481
260,sku-142,2021-06-01T00:00:00Z,north,29
261,sku-143,2021-06-01T00:00:00Z,north,61
262,sku-144,2021-06-01T00:00:00Z,north,21
263,sku-145,2021-06-01T00:00:00Z,north,68
264,sku-146,2021-06-01T00:00:00Z,north,152
265,sku-147,2021-06-01T00:00:00Z,north,184
266,sku-148,2021-06-01T00:00:00Z,north,112
267,sku-149,2021-06-01T00:00:00Z,north,136
268,sku-15,2021-06-01T00:00:00Z,north,132
269,sku-150,2021-06-01T00:00:00Z,north,1029
270,sku-151,2021-06-01T00:00:00Z,north,1196
271,sku-152,2021-06-01T00:00:00Z,north,100
272,sku-153,2021-06-01T00:00:00Z,north,9
273,sku-154,2021-06-01T00:00:00Z,north,22
274,sku-155,2021-06-01T00:00:00Z,north,12
275,sku-156,2021-06-01T00:00:00Z,north,20
276,sku-157,2021-06-01T00:00:00Z,north,106
277,sku-158,2021-06-01T00:00:00Z,north,18
278,sku-159,2021-06-01T00:00:00Z,north,8
279,sku-16,2021-06-01T00:00:00Z,north,123
280,sku-160,2021-06-01T00:00:00Z,north,78
281,sku-161,2021-06-01T00:00:00Z,north,22
282,sku-162,2021-06-01T00:00:00Z,north,4
283,sku-163,2021-06-01T00:00:00Z,north,16
284,sku-164,2021-06-01T00:00:00Z,north,5
285,sku-165,2021-06-01T00:00:00Z,north,32
286,sku-166,2021-06-01T00:00:00Z,north,23
287,sku-167,2021-06-01T00:00:00Z,north,31
288,sku-168,2021-06-01T00:00:00Z,north,30
289,sku-169,2021-06-01T00:00:00Z,north,196
290,sku-17,2021-06-01T00:00:00Z,north,3685
291,sku-170,2021-06-01T00:00:00Z,north,125
292,sku-171,2021-06-01T00:00:00Z,north,30
293,sku-172,2021-06-01T00:00:00Z,north,16
294,sku-173,2021-06-01T00:00:00Z,north,99
295,sku-174,2021-06-01T00:00:00Z,north,14
296,sku-175,2021-06-01T00:00:00Z,north,1
297,sku-176,2021-06-01T00:00:00Z,north,1
298,sku-177,2021-06-01T00:00:00Z,north,25
299,sku-178,2021-06-01T00:00:00Z,north,11
300,sku-179,2021-06-01T00:00:00Z,north,15
301,sku-18,2021-06-01T00:00:00Z,north,274
302,sku-180,2021-06-01T00:00:00Z,north,5
303,sku-181,2021-06-01T00:00:00Z,north,9
304,sku-182,2021-06-01T00:00:00Z,north,38
305,sku-183,2021-06-01T00:00:00Z,north,15
306,sku-184,2021-06-01T00:00:00Z,north,17
307,sku-185,2021-06-01T00:00:00Z,north,89
308,sku-186,2021-06-01T00:00:00Z,north,21
309,sku-187,2021-06-01T00:00:00Z,north,4
310,sku-188,2021-06-01T00:00:00Z,north,19
311,sku-189,2021-06-01T00:00:00Z,north,39
312,sku-19,2021-06-01T00:00:00Z,north,25
313,sku-190,2021-06-01T00:00:00Z,north,224
314,sku-191,2021-06-01T00:00:00Z,north,23
315,sku-192,2021-06-01T00:00:00Z,north,23
316,sku-193,2021-06-01T00:00:00Z,north,11
317,sku-194,2021-06-01T00:00:00Z,north,121
318,sku-195,2021-06-01T00:00:00Z,north,24
319,sku-196,2021-06-01T00:00:00Z,north,104
320,sku-197,2021-06-01T00:00:00Z,north,36
321,sku-198,2021-06-01T00:00:00Z,north,58
322,sku-199,2021-06-01T00:00:00Z,north,195
323,sku-2,2021-06-01T00:00:00Z,north,13
324,sku-20,2021-06-01T00:00:00Z,north,43
325,sku-200,2021-06-01T00:00:00Z,north,20
326,sku-201,2021-06-01T00:00:00Z,north,16
327,sku-202,2021-06-01T00:00:00Z,north,16
328,sku-203,2021-06-01T00:00:00Z,north,21
329,sku-204,2021-06-01T00:00:00Z,north,161
330,sku-205,2021-06-01T00:00:00Z,north,119
331,sku-206,2021-06-01T00:00:00Z,north,8499
332,sku-207,2021-06-01T00:00:00Z,north,115
333,sku-208,2021-06-01T00:00:00Z,north,12
334,sku-209,2021-06-01T00:00:00Z,north,417
335,sku-21,2021-06-01T00:00:00Z,north,309
336,sku-210,2021-06-01T00:00:00Z,north,133
337,sku-211,2021-06-01T00:00:00Z,north,611
338,sku-212,2021-06-01T00:00:00Z,north,146
339,sku-213,2021-06-01T00:00:00Z,north,73
340,sku-214,2021-06-01T00:00:00Z,north,1
341,sku-215,2021-06-01T00:00:00Z,north,93
342,sku-216,2021-06-01T00:00:00Z,north,40
343,sku-217,2021-06-01T00:00:00Z,north,10
344,sku-218,2021-06-01T00:00:00Z,north,11
345,sku-219,2021-06-01T00:00:00Z,north,25
346,sku-22,2021-06-01T00:00:00Z,north,40
347,sku-220,2021-06-01T00:00:00Z,north,83
348,sku-221,2021-06-01T00:00:00Z,north,139
349,sku-222,2021-06-01T00:00:00Z,north,64
350,sku-223,2021-06-01T00:00:00Z,north,24
351,sku-224,2021-06-01T00:00:00Z,north,828
352,sku-225,2021-06-01T00:00:00Z,north,1815
353,sku-226,2021-06-01T00:00:00Z,north,394
354,sku-227,2021-06-01T00:00:00Z,north,47
355,sku-228,2021-06-01T00:00:00Z,north,316
356,sku-229,2021-06-01T00:00:00Z,north,68
357,sku-23,2021-06-01T00:00:00Z,north,126
358,sku-230,2021-06-01T00:00:00Z,north,4
359,sku-231,2021-06-01T00:00:00Z,north,18
360,sku-232,2021-06-01T00:00:00Z,north,16
361,sku-233,2021-06-01T00:00:00Z,north,7
362,sku-24,2021-06-01T00:00:00Z,north,118
363,sku-25,2021-06-01T00:00:00Z,north,81
364,sku-26,2021-06-01T00:00:00Z,north,151
365,sku-27,2021-06-01T00:00:00Z,north,209
366,sku-28,2021-06-01T00:00:00Z,north,27
367,sku-29,2021-06-01T00:00:00Z,north,162
368,sku-3,2021-06-01T00:00:00Z,north,7
369,sku-30,2021-06-01T00:00:00Z,north,167
370,sku-31,2021-06-01T00:00:00Z,north,101
371,sku-32,2021-06-01T00:00:00Z,north,25
372,sku-33,2021-06-01T00:00:00Z,north,222
373,sku-34,2021-06-01T00:00:00Z,north,125
374,sku-35,2021-06-01T00:00:00Z,north,4
375,sku-36,2021-06-01T00:00:00Z,north,246
376,sku-37,2021-06-01T00:00:00Z,north,386
377,sku-38,2021-06-01T00:00:00Z,north,90
378,sku-39,2021-06-01T00:00:00Z,north,488
379,sku-4,2021-06-01T00:00:00Z,north,63
380,sku-40,2021-06-01T00:00:00Z,north,298
381,sku-41,2021-06-01T00:00:00Z,north,49
382,sku-42,2021-06-01T00:00:00Z,north,46
383,sku-43,2021-06-01T00:00:00Z,north,139
384,sku-44,2021-06-01T00:00:00Z,north,80
385,sku-45,2021-06-01T00:00:00Z,north,127
386,sku-46,2021-06-01T00:00:00Z,north,110
387,sku-47,2021-06-01T00:00:00Z,north,1012
388,sku-48,2021-06-01T00:00:00Z,north,47
389,sku-49,2021-06-01T00:00:00Z,north,382
390,sku-5,2021-06-01T00:00:00Z,north,232
391,sku-50,2021-06-01T00:00:00Z,north,337
392,sku-51,2021-06-01T00:00:00Z,north,1084
393,sku-52,2021-06-01T00:00:00Z,north,34
394,sku-53,2021-06-01T00:00:00Z,north,187
395,sku-54,2021-06-01T00:00:00Z,north,71
396,sku-55,2021-06-01T00:00:00Z,north,95
397,sku-56,2021-06-01T00:00:00Z,north,228
398,sku-57,2021-06-01T00:00:00Z,north,70
399,sku-58,2021-06-01T00:00:00Z,north,117
400,sku-59,2021-06-01T00:00:00Z,north,200
401,sku-6,2021-06-01T00:00:00Z,north,5
402,sku-60,2021-06-01T00:00:00Z,north,1
403,sku-61,2021-06-01T00:00:00Z,north,2457
404,sku-62,2021-06-01T00:00:00Z,north,274
405,sku-63,2021-06-01T00:00:00Z,north,30
406,sku-64,2021-06-01T00:00:00Z,north,27
407,sku-65,2021-06-01T00:00:00Z,north,39
408,sku-66,2021-06-01T00:00:00Z,north,111
409,sku-67,2021-06-01T00:00:00Z,north,20
410,sku-68,2021-06-01T00:00:00Z,north,57
411,sku-69,2021-06-01T00:00:00Z,north,138
412,sku-7,2021-06-01T00:00:00Z,north,667
413,sku-70,2021-06-01T00:00:00Z,north,171
414,sku-71,2021-06-01T00:00:00Z,north,61
415,sku-72,2021-06-01T00:00:00Z,north,105
416,sku-73,2021-06-01T00:00:00Z,north,58
417,sku-74,2021-06-01T00:00:00Z,north,71
418,sku-75,2021-06-01T00:00:00Z,north,28
419,sku-76,2021-06-01T00:00:00Z,north,20
420,sku-77,2021-06-01T00:00:00Z,north,271
421,sku-78,2021-06-01T00:00:00Z,north,161
422,sku-79,2021-06-01T00:00:00Z,north,121
423,sku-8,2021-06-01T00:00:00Z,north,300
424,sku-80,2021-06-01T00:00:00Z,north,189
425,sku-81,2021-06-01T00:00:00Z,north,43
426,sku-82,2021-06-01T00:00:00Z,north,59
427,sku-83,2021-06-01T00:00:00Z,north,17
428,sku-84,2021-06-01T00:00:00Z,north,1685
429,sku-85,2021-06-01T00:00:00Z,north,1
430,sku-86,2021-06-01T00:00:00Z,north,41
431,sku-87,2021-06-01T00:00:00Z,north,7
432,sku-88,2021-06-01T00:00:00Z,north,196
433,sku-89,2021-06-01T00:00:00Z,north,116
434,sku-9,2021-06-01T00:00:00Z,north,137
435,sku-90,2021-06-01T00:00:00Z,north,64
436,sku-91,2021-06-01T00:00:00Z,north,37
437,sku-92,2021-06-01T00:00:00Z,north,56
438,sku-93,2021-06-01T00:00:00Z,north,68
439,sku-94,2021-06-01T00:00:00Z,north,33
440,sku-95,2021-06-01T00:00:00Z,north,14
441,sku-96,2021-06-01T00:00:00Z,north,28
442,sku-97,2021-06-01T00:00:00Z,north,155
443,sku-98,2021-06-01T00:00:00Z,north,44
444,sku-99,2021-06-01T00:00:00Z,north,19
445,sku-1,2021-06-01T00:00:00Z,south,224
446,sku-10,2021-06-01T00:00:00Z,south,205
447,sku-101,2021-06-01T00:00:00Z,south,948
448,sku-102,2021-06-01T00:00:00Z,south,21
449,sku-103,2021-06-01T00:00:00Z,south,136
450,sku-104,2021-06-01T00:00:00Z,south,112
451,sku-105,2021-06-01T00:00:00Z,south,89
452,sku-106,2021-06-01T00:00:00Z,south,364
453,sku-107,2021-06-01T00:00:00Z,south,89
454,sku-108,2021-06-01T00:00:00Z,south,362
455,sku-109,2021-06-01T00:00:00Z,south,155
456,sku-110,2021-06-01T00:00:00Z,south,30
457,sku-111,2021-06-01T00:00:00Z,south,89
458,sku-112,2021-06-01T00:00:00Z,south,6
459,sku-113,2021-06-01T00:00:00Z,south,138
460,sku-114,2021-06-01T00:00:00Z,south,23
461,sku-115,2021-06-01T00:00:00Z,south,18
462,sku-116,2021-06-01T00:00:00Z,south,11
463,sku-117,2021-06-01T00:00:00Z,south,12
464,sku-121,2021-06-01T00:00:00Z,south,124
465,sku-122,2021-06-01T00:00:00Z,south,124
466,sku-123,2021-06-01T00:00:00Z,south,90
467,sku-124,2021-06-01T00:00:00Z,south,1427
468,sku-126,2021-06-01T00:00:00Z,south,11
469,sku-127,2021-06-01T00:00:00Z,south,190
470,sku-128,2021-06-01T00:00:00Z,south,19
471,sku-129,2021-06-01T00:00:00Z,south,409
472,sku-13,2021-06-01T00:00:00Z,south,690
473,sku-131,2021-06-01T00:00:00Z,south,271
474,sku-132,2021-06-01T00:00:00Z,south,925
475,sku-133,2021-06-01T00:00:00Z,south,2320
476,sku-134,2021-06-01T00:00:00Z,south,182
477,sku-136,2021-06-01T00:00:00Z,south,290
478,sku-137,2021-06-01T00:00:00Z,south,920
479,sku-140,2021-06-01T00:00:00Z,south,1003
480,sku-141,2021-06-01T00:00:00Z,south,230
481,sku-144,2021-06-01T00:00:00Z,south,45
482,sku-147,2021-06-01T00:00:00Z,south,187
483,sku-148,2021-06-01T00:00:00Z,south,61
484,sku-149,2021-06-01T00:00:00Z,south,83
485,sku-150,2021-06-01T00:00:00Z,south,232
486,sku-151,2021-06-01T00:00:00Z,south,862
487,sku-152,2021-06-01T00:00:00Z,south,510
488,sku-154,2021-06-01T00:00:00Z,south,3
489,sku-155,2021-06-01T00:00:00Z,south,25
490,sku-156,2021-06-01T00:00:00Z,south,16
491,sku-157,2021-06-01T00:00:00Z,south,100
492,sku-158,2021-06-01T00:00:00Z,south,34
493,sku-159,2021-06-01T00:00:00Z,south,17
494,sku-160,2021-06-01T00:00:00Z,south,61
495,sku-161,2021-06-01T00:00:00Z,south,29
496,sku-162,2021-06-01T00:00:00Z,south,2
497,sku-163,2021-06-01T00:00:00Z,south,17
498,sku-164,2021-06-01T00:00:00Z,south,11
499,sku-165,2021-06-01T00:00:00Z,south,73
500,sku-166,2021-06-01T00:00:00Z,south,41
501,sku-167,2021-06-01T00:00:00Z,south,39
502,sku-169,2021-06-01T00:00:00Z,south,12
503,sku-17,2021-06-01T00:00:00Z,south,267
504,sku-170,2021-06-01T00:00:00Z,south,23
505,sku-171,2021-06-01T00:00:00Z,south,8
506,sku-172,2021-06-01T00:00:00Z,south,11
507,sku-173,2021-06-01T00:00:00Z,south,104
508,sku-174,2021-06-01T00:00:00Z,south,17
509,sku-175,2021-06-01T00:00:00Z,south,15
510,sku-176,2021-06-01T00:00:00Z,south,6
511,sku-177,2021-06-01T00:00:00Z,south,7
512,sku-178,2021-06-01T00:00:00Z,south,8
513,sku-179,2021-06-01T00:00:00Z,south,17
514,sku-180,2021-06-01T00:00:00Z,south,3
515,sku-182,2021-06-01T00:00:00Z,south,18
516,sku-183,2021-06-01T00:00:00Z,south,13
517,sku-184,2021-06-01T00:00:00Z,south,8
518,sku-185,2021-06-01T00:00:00Z,south,23
519,sku-186,2021-06-01T00:00:00Z,south,28
520,sku-187,2021-06-01T00:00:00Z,south,15
521,sku-19,2021-06-01T00:00:00Z,south,19
522,sku-190,2021-06-01T00:00:00Z,south,46
523,sku-193,2021-06-01T00:00:00Z,south,30
524,sku-194,2021-06-01T00:00:00Z,south,55
525,sku-196,2021-06-01T00:00:00Z,south,70
526,sku-199,2021-06-01T00:00:00Z,south,104
527,sku-2,2021-06-01T00:00:00Z,south,26
528,sku-20,2021-06-01T00:00:00Z,south,26
529,sku-200,2021-06-01T00:00:00Z,south,21
530,sku-201,2021-06-01T00:00:00Z,south,10
531,sku-202,2021-06-01T00:00:00Z,south,25
532,sku-203,2021-06-01T00:00:00Z,south,84
533,sku-204,2021-06-01T00:00:00Z,south,26
534,sku-205,2021-06-01T00:00:00Z,south,24
535,sku-206,2021-06-01T00:00:00Z,south,502
536,sku-208,2021-06-01T00:00:00Z,south,40
537,sku-21,2021-06-01T00:00:00Z,south,1882
538,sku-211,2021-06-01T00:00:00Z,south,173
539,sku-212,2021-06-01T00:00:00Z,south,14
540,sku-214,2021-06-01T00:00:00Z,south,8
541,sku-215,2021-06-01T00:00:00Z,south,104
542,sku-217,2021-06-01T00:00:00Z,south,17
543,sku-218,2021-06-01T00:00:00Z,south,4
544,sku-219,2021-06-01T00:00:00Z,south,39
545,sku-22,2021-06-01T00:00:00Z,south,122
546,sku-220,2021-06-01T00:00:00Z,south,175
547,sku-221,2021-06-01T00:00:00Z,south,39
548,sku-224,2021-06-01T00:00:00Z,south,121
549,sku-225,2021-06-01T00:00:00Z,south,274
550,sku-226,2021-06-01T00:00:00Z,south,44
551,sku-228,2021-06-01T00:00:00Z,south,19
552,sku-229,2021-06-01T00:00:00Z,south,120
553,sku-23,2021-06-01T00:00:00Z,south,52
554,sku-230,2021-06-01T00:00:00Z,south,16
555,sku-231,2021-06-01T00:00:00Z,south,15
556,sku-232,2021-06-01T00:00:00Z,south,11
557,sku-233,2021-06-01T00:00:00Z,south,56
558,sku-234,2021-06-01T00:00:00Z,south,49
559,sku-237,2021-06-01T00:00:00Z,south,158
560,sku-239,2021-06-01T00:00:00Z,south,12
561,sku-24,2021-06-01T00:00:00Z,south,124
562,sku-240,2021-06-01T00:00:00Z,south,180
563,sku-243,2021-06-01T00:00:00Z,south,100
564,sku-244,2021-06-01T00:00:00Z,south,22
565,sku-245,2021-06-01T00:00:00Z,south,106
566,sku-246,2021-06-01T00:00:00Z,south,76
567,sku-248,2021-06-01T00:00:00Z,south,100
568,sku-25,2021-06-01T00:00:00Z,south,68
569,sku-250,2021-06-01T00:00:00Z,south,118
570,sku-251,2021-06-01T00:00:00Z,south,245
571,sku-252,2021-06-01T00:00:00Z,south,188
572,sku-253,2021-06-01T00:00:00Z,south,181
573,sku-254,2021-06-01T00:00:00Z,south,133
574,sku-255,2021-06-01T00:00:00Z,south,137
575,sku-256,2021-06-01T00:00:00Z,south,299
576,sku-257,2021-06-01T00:00:00Z,south,185
577,sku-258,2021-06-01T00:00:00Z,south,236
578,sku-259,2021-06-01T00:00:00Z,south,6966
579,sku-26,2021-06-01T00:00:00Z,south,145
580,sku-260,2021-06-01T00:00:00Z,south,3745
581,sku-261,2021-06-01T00:00:00Z,south,852
582,sku-263,2021-06-01T00:00:00Z,south,86
583,sku-264,2021-06-01T00:00:00Z,south,1741
584,sku-267,2021-06-01T00:00:00Z,south,17
585,sku-268,2021-06-01T00:00:00Z,south,367
586,sku-269,2021-06-01T00:00:00Z,south,172
587,sku-27,2021-06-01T00:00:00Z,south,317
588,sku-270,2021-06-01T00:00:00Z,south,269
589,sku-271,2021-06-01T00:00:00Z,south,1604
590,sku-272,2021-06-01T00:00:00Z,south,142
591,sku-273,2021-06-01T00:00:00Z,south,36
592,sku-274,2021-06-01T00:00:00Z,south,173
593,sku-275,2021-06-01T00:00:00Z,south,223
594,sku-276,2021-06-01T00:00:00Z,south,29
595,sku-277,2021-06-01T00:00:00Z,south,117
596,sku-278,2021-06-01T00:00:00Z,south,86
597,sku-279,2021-06-01T00:00:00Z,south,302
598,sku-28,2021-06-01T00:00:00Z,south,30
599,sku-280,2021-06-01T00:00:00Z,south,166
600,sku-281,2021-06-01T00:00:00Z,south,226
601,sku-282,2021-06-01T00:00:00Z,south,48
602,sku-284,2021-06-01T00:00:00Z,south,58
603,sku-285,2021-06-01T00:00:00Z,south,18
604,sku-286,2021-06-01T00:00:00Z,south,71
605,sku-287,2021-06-01T00:00:00Z,south,16
606,sku-288,2021-06-01T00:00:00Z,south,25
607,sku-289,2021-06-01T00:00:00Z,south,10
608,sku-29,2021-06-01T00:00:00Z,south,160
609,sku-297,2021-06-01T00:00:00Z,south,20
610,sku-3,2021-06-01T00:00:00Z,south,15
611,sku-30,2021-06-01T00:00:00Z,south,362
612,sku-31,2021-06-01T00:00:00Z,south,82
613,sku-314,2021-06-01T00:00:00Z,south,62
614,sku-315,2021-06-01T00:00:00Z,south,25
615,sku-316,2021-06-01T00:00:00Z,south,17
616,sku-317,2021-06-01T00:00:00Z,south,29
617,sku-318,2021-06-01T00:00:00Z,south,18
618,sku-319,2021-06-01T00:00:00Z,south,71
619,sku-32,2021-06-01T00:00:00Z,south,196
620,sku-320,2021-06-01T00:00:00Z,south,11
621,sku-321,2021-06-01T00:00:00Z,south,19
622,sku-322,2021-06-01T00:00:00Z,south,31
623,sku-324,2021-06-01T00:00:00Z,south,23
624,sku-325,2021-06-01T00:00:00Z,south,4
625,sku-326,2021-06-01T00:00:00Z,south,9
626,sku-327,2021-06-01T00:00:00Z,south,21
627,sku-33,2021-06-01T00:00:00Z,south,367
628,sku-331,2021-06-01T00:00:00Z,south,155
629,sku-332,2021-06-01T00:00:00Z,south,182
630,sku-338,2021-06-01T00:00:00Z,south,9
631,sku-339,2021-06-01T00:00:00Z,south,227
632,sku-34,2021-06-01T00:00:00Z,south,102
633,sku-344,2021-06-01T00:00:00Z,south,2
634,sku-35,2021-06-01T00:00:00Z,south,17
635,sku-351,2021-06-01T00:00:00Z,south,25
636,sku-353,2021-06-01T00:00:00Z,south,77
637,sku-354,2021-06-01T00:00:00Z,south,39
638,sku-359,2021-06-01T00:00:00Z,south,61
639,sku-36,2021-06-01T00:00:00Z,south,84
640,sku-361,2021-06-01T00:00:00Z,south,48
641,sku-362,2021-06-01T00:00:00Z,south,167
642,sku-368,2021-06-01T00:00:00Z,south,45
643,sku-37,2021-06-01T00:00:00Z,south,229
644,sku-373,2021-06-01T00:00:00Z,south,6
645,sku-375,2021-06-01T00:00:00Z,south,28
646,sku-377,2021-06-01T00:00:00Z,south,13
647,sku-384,2021-06-01T00:00:00Z,south,42
648,sku-385,2021-06-01T00:00:00Z,south,79
649,sku-386,2021-06-01T00:00:00Z,south,264
650,sku-387,2021-06-01T00:00:00Z,south,73
651,sku-39,2021-06-01T00:00:00Z,south,306
652,sku-396,2021-06-01T00:00:00Z,south,8
653,sku-397,2021-06-01T00:00:00Z,south,23
654,sku-399,2021-06-01T00:00:00Z,south,439
655,sku-4,2021-06-01T00:00:00Z,south,428
656,sku-40,2021-06-01T00:00:00Z,south,603
657,sku-404,2021-06-01T00:00:00Z,south,168
658,sku-406,2021-06-01T00:00:00Z,south,37
659,sku-41,2021-06-01T00:00:00Z,south,156
660,sku-416,2021-06-01T00:00:00Z,south,56
661,sku-417,2021-06-01T00:00:00Z,south,55
662,sku-418,2021-06-01T00:00:00Z,south,28
663,sku-419,2021-06-01T00:00:00Z,south,24
664,sku-42,2021-06-01T00:00:00Z,south,66
665,sku-420,2021-06-01T00:00:00Z,south,36
666,sku-421,2021-06-01T00:00:00Z,south,22
667,sku-422,2021-06-01T00:00:00Z,south,60
668,sku-423,2021-06-01T00:00:00Z,south,32
669,sku-424,2021-06-01T00:00:00Z,south,44
670,sku-425,2021-06-01T00:00:00Z,south,61
671,sku-426,2021-06-01T00:00:00Z,south,25
672,sku-427,2021-06-01T00:00:00Z,south,52
673,sku-428,2021-06-01T00:00:00Z,south,46
674,sku-429,2021-06-01T00:00:00Z,south,18
675,sku-43,2021-06-01T00:00:00Z,south,29
676,sku-430,2021-06-01T00:00:00Z,south,61
677,sku-431,2021-06-01T00:00:00Z,south,149
678,sku-432,2021-06-01T00:00:00Z,south,33
679,sku-433,2021-06-01T00:00:00Z,south,7
680,sku-434,2021-06-01T00:00:00Z,south,13
681,sku-44,2021-06-01T00:00:00Z,south,62
682,sku-45,2021-06-01T00:00:00Z,south,26
683,sku-46,2021-06-01T00:00:00Z,south,126
684,sku-47,2021-06-01T00:00:00Z,south,379
685,sku-5,2021-06-01T00:00:00Z,south,301
686,sku-50,2021-06-01T00:00:00Z,south,67
687,sku-51,2021-06-01T00:00:00Z,south,279
688,sku-53,2021-06-01T00:00:00Z,south,128
689,sku-54,2021-06-01T00:00:00Z,south,34
690,sku-55,2021-06-01T00:00:00Z,south,193
691,sku-56,2021-06-01T00:00:00Z,south,19001
692,sku-57,2021-06-01T00:00:00Z,south,34
693,sku-58,2021-06-01T00:00:00Z,south,40
694,sku-59,2021-06-01T00:00:00Z,south,57
695,sku-6,2021-06-01T00:00:00Z,south,7
696,sku-60,2021-06-01T00:00:00Z,south,39
697,sku-61,2021-06-01T00:00:00Z,south,0
698,sku-62,2021-06-01T00:00:00Z,south,137
699,sku-63,2021-06-01T00:00:00Z,south,177
700,sku-64,2021-06-01T00:00:00Z,south,58
701,sku-65,2021-06-01T00:00:00Z,south,43
702,sku-66,2021-06-01T00:00:00Z,south,79
703,sku-67,2021-06-01T00:00:00Z,south,89
704,sku-69,2021-06-01T00:00:00Z,south,194
705,sku-7,2021-06-01T00:00:00Z,south,760
706,sku-70,2021-06-01T00:00:00Z,south,81
707,sku-71,2021-06-01T00:00:00Z,south,37
708,sku-72,2021-06-01T00:00:00Z,south,49
709,sku-73,2021-06-01T00:00:00Z,south,29
710,sku-74,2021-06-01T00:00:00Z,south,77
711,sku-76,2021-06-01T00:00:00Z,south,7
712,sku-77,2021-06-01T00:00:00Z,south,24
713,sku-78,2021-06-01T00:00:00Z,south,72
714,sku-79,2021-06-01T00:00:00Z,south,39
715,sku-8,2021-06-01T00:00:00Z,south,744
716,sku-80,2021-06-01T00:00:00Z,south,608
717,sku-81,2021-06-01T00:00:00Z,south,807
718,sku-82,2021-06-01T00:00:00Z,south,104
719,sku-84,2021-06-01T00:00:00Z,south,117
720,sku-86,2021-06-01T00:00:00Z,south,43
721,sku-87,2021-06-01T00:00:00Z,south,12
722,sku-88,2021-06-01T00:00:00Z,south,693
723,sku-89,2021-06-01T00:00:00Z,south,65
724,sku-9,2021-06-01T00:00:00Z,south,223
725,sku-90,2021-06-01T00:00:00Z,south,31
726,sku-92,2021-06-01T00:00:00Z,south,22
727,sku-93,2021-06-01T00:00:00Z,south,52
728,sku-95,2021-06-01T00:00:00Z,south,21
729,sku-97,2021-06-01T00:00:00Z,south,302
730,sku-98,2021-06-01T00:00:00Z,south,156
731,sku-1,2021-06-01T00:00:00Z,west,74
732,sku-10,2021-06-01T00:00:00Z,west,195
733,sku-123,2021-06-01T00:00:00Z,west,76
734,sku-124,2021-06-01T00:00:00Z,west,196
735,sku-126,2021-06-01T00:00:00Z,west,16
736,sku-127,2021-06-01T00:00:00Z,west,69
737,sku-128,2021-06-01T00:00:00Z,west,21
738,sku-13,2021-06-01T00:00:00Z,west,609
739,sku-132,2021-06-01T00:00:00Z,west,292
740,sku-133,2021-06-01T00:00:00Z,west,257
741,sku-134,2021-06-01T00:00:00Z,west,347
742,sku-137,2021-06-01T00:00:00Z,west,149
743,sku-139,2021-06-01T00:00:00Z,west,30
744,sku-140,2021-06-01T00:00:00Z,west,92
745,sku-141,2021-06-01T00:00:00Z,west,63
746,sku-144,2021-06-01T00:00:00Z,west,30
747,sku-145,2021-06-01T00:00:00Z,west,52
748,sku-146,2021-06-01T00:00:00Z,west,133
749,sku-147,2021-06-01T00:00:00Z,west,121
750,sku-148,2021-06-01T00:00:00Z,west,50
751,sku-149,2021-06-01T00:00:00Z,west,140
752,sku-150,2021-06-01T00:00:00Z,west,131
753,sku-151,2021-06-01T00:00:00Z,west,387
754,sku-152,2021-06-01T00:00:00Z,west,34
755,sku-154,2021-06-01T00:00:00Z,west,41
756,sku-155,2021-06-01T00:00:00Z,west,25
757,sku-156,2021-06-01T00:00:00Z,west,49
758,sku-157,2021-06-01T00:00:00Z,west,55
759,sku-158,2021-06-01T00:00:00Z,west,26
760,sku-159,2021-06-01T00:00:00Z,west,24
761,sku-160,2021-06-01T00:00:00Z,west,145
762,sku-161,2021-06-01T00:00:00Z,west,152
763,sku-162,2021-06-01T00:00:00Z,west,7
764,sku-163,2021-06-01T00:00:00Z,west,6
765,sku-164,2021-06-01T00:00:00Z,west,5
766,sku-165,2021-06-01T00:00:00Z,west,83
767,sku-166,2021-06-01T00:00:00Z,west,63
768,sku-167,2021-06-01T00:00:00Z,west,67
769,sku-168,2021-06-01T00:00:00Z,west,36
770,sku-169,2021-06-01T00:00:00Z,west,590
771,sku-17,2021-06-01T00:00:00Z,west,184
772,sku-170,2021-06-01T00:00:00Z,west,99
773,sku-171,2021-06-01T00:00:00Z,west,198
774,sku-172,2021-06-01T00:00:00Z,west,9
775,sku-173,2021-06-01T00:00:00Z,west,320
776,sku-174,2021-06-01T00:00:00Z,west,27
777,sku-175,2021-06-01T00:00:00Z,west,62
778,sku-176,2021-06-01T00:00:00Z,west,9
779,sku-177,2021-06-01T00:00:00Z,west,15
780,sku-178,2021-06-01T00:00:00Z,west,13
781,sku-179,2021-06-01T00:00:00Z,west,37
782,sku-180,2021-06-01T00:00:00Z,west,13
783,sku-181,2021-06-01T00:00:00Z,west,21
784,sku-182,2021-06-01T00:00:00Z,west,45
785,sku-183,2021-06-01T00:00:00Z,west,22
786,sku-184,2021-06-01T00:00:00Z,west,22
787,sku-185,2021-06-01T00:00:00Z,west,154
788,sku-186,2021-06-01T00:00:00Z,west,93
789,sku-187,2021-06-01T00:00:00Z,west,20
790,sku-188,2021-06-01T00:00:00Z,west,17
791,sku-189,2021-06-01T00:00:00Z,west,31
792,sku-19,2021-06-01T00:00:00Z,west,36
793,sku-190,2021-06-01T00:00:00Z,west,137
794,sku-192,2021-06-01T00:00:00Z,west,21
795,sku-193,2021-06-01T00:00:00Z,west,34
796,sku-194,2021-06-01T00:00:00Z,west,113
797,sku-195,2021-06-01T00:00:00Z,west,17
798,sku-196,2021-06-01T00:00:00Z,west,29
799,sku-197,2021-06-01T00:00:00Z,west,20
800,sku-198,2021-06-01T00:00:00Z,west,82
801,sku-199,2021-06-01T00:00:00Z,west,634
802,sku-2,2021-06-01T00:00:00Z,west,99
803,sku-20,2021-06-01T00:00:00Z,west,68
804,sku-200,2021-06-01T00:00:00Z,west,4
805,sku-201,2021-06-01T00:00:00Z,west,51
806,sku-202,2021-06-01T00:00:00Z,west,26
807,sku-203,2021-06-01T00:00:00Z,west,67
808,sku-204,2021-06-01T00:00:00Z,west,33
809,sku-205,2021-06-01T00:00:00Z,west,43
810,sku-206,2021-06-01T00:00:00Z,west,321
811,sku-207,2021-06-01T00:00:00Z,west,19
812,sku-208,2021-06-01T00:00:00Z,west,5
813,sku-209,2021-06-01T00:00:00Z,west,-91
814,sku-21,2021-06-01T00:00:00Z,west,403
815,sku-210,2021-06-01T00:00:00Z,west,100
816,sku-211,2021-06-01T00:00:00Z,west,674
817,sku-214,2021-06-01T00:00:00Z,west,16
818,sku-215,2021-06-01T00:00:00Z,west,36
819,sku-217,2021-06-01T00:00:00Z,west,11
820,sku-218,2021-06-01T00:00:00Z,west,24
821,sku-219,2021-06-01T00:00:00Z,west,1
822,sku-22,2021-06-01T00:00:00Z,west,35
823,sku-220,2021-06-01T00:00:00Z,west,17
824,sku-221,2021-06-01T00:00:00Z,west,12
825,sku-222,2021-06-01T00:00:00Z,west,192
826,sku-223,2021-06-01T00:00:00Z,west,24
827,sku-224,2021-06-01T00:00:00Z,west,16
828,sku-225,2021-06-01T00:00:00Z,west,43
829,sku-226,2021-06-01T00:00:00Z,west,9
830,sku-227,2021-06-01T00:00:00Z,west,65
831,sku-229,2021-06-01T00:00:00Z,west,9
832,sku-23,2021-06-01T00:00:00Z,west,146
833,sku-230,2021-06-01T00:00:00Z,west,23
834,sku-231,2021-06-01T00:00:00Z,west,8
835,sku-232,2021-06-01T00:00:00Z,west,16
836,sku-233,2021-06-01T00:00:00Z,west,25
837,sku-234,2021-06-01T00:00:00Z,west,13
838,sku-236,2021-06-01T00:00:00Z,west,89
839,sku-237,2021-06-01T00:00:00Z,west,30
840,sku-239,2021-06-01T00:00:00Z,west,211
841,sku-24,2021-06-01T00:00:00Z,west,198
842,sku-240,2021-06-01T00:00:00Z,west,188
843,sku-241,2021-06-01T00:00:00Z,west,36
844,sku-243,2021-06-01T00:00:00Z,west,65
845,sku-244,2021-06-01T00:00:00Z,west,18
846,sku-25,2021-06-01T00:00:00Z,west,38
847,sku-250,2021-06-01T00:00:00Z,west,97
848,sku-251,2021-06-01T00:00:00Z,west,152
849,sku-252,2021-06-01T00:00:00Z,west,47
850,sku-253,2021-06-01T00:00:00Z,west,17
851,sku-254,2021-06-01T00:00:00Z,west,16
852,sku-255,2021-06-01T00:00:00Z,west,542
853,sku-256,2021-06-01T00:00:00Z,west,338
854,sku-257,2021-06-01T00:00:00Z,west,351
855,sku-258,2021-06-01T00:00:00Z,west,300
856,sku-259,2021-06-01T00:00:00Z,west,372
857,sku-26,2021-06-01T00:00:00Z,west,406
858,sku-260,2021-06-01T00:00:00Z,west,86
859,sku-261,2021-06-01T00:00:00Z,west,243
860,sku-262,2021-06-01T00:00:00Z,west,172
861,sku-263,2021-06-01T00:00:00Z,west,275
862,sku-264,2021-06-01T00:00:00Z,west,2035
863,sku-265,2021-06-01T00:00:00Z,west,54
864,sku-266,2021-06-01T00:00:00Z,west,195
865,sku-267,2021-06-01T00:00:00Z,west,337
866,sku-268,2021-06-01T00:00:00Z,west,2231
867,sku-269,2021-06-01T00:00:00Z,west,42
868,sku-27,2021-06-01T00:00:00Z,west,594
869,sku-270,2021-06-01T00:00:00Z,west,69
870,sku-271,2021-06-01T00:00:00Z,west,984
871,sku-272,2021-06-01T00:00:00Z,west,25
872,sku-273,2021-06-01T00:00:00Z,west,12
873,sku-274,2021-06-01T00:00:00Z,west,35
874,sku-275,2021-06-01T00:00:00Z,west,78
875,sku-277,2021-06-01T00:00:00Z,west,47
876,sku-278,2021-06-01T00:00:00Z,west,100
877,sku-279,2021-06-01T00:00:00Z,west,23
878,sku-28,2021-06-01T00:00:00Z,west,99
879,sku-280,2021-06-01T00:00:00Z,west,18
880,sku-281,2021-06-01T00:00:00Z,west,40
881,sku-282,2021-06-01T00:00:00Z,west,53
882,sku-283,2021-06-01T00:00:00Z,west,43
883,sku-284,2021-06-01T00:00:00Z,west,17
884,sku-285,2021-06-01T00:00:00Z,west,14
885,sku-289,2021-06-01T00:00:00Z,west,36
886,sku-29,2021-06-01T00:00:00Z,west,158
887,sku-290,2021-06-01T00:00:00Z,west,104
888,sku-291,2021-06-01T00:00:00Z,west,57
889,sku-292,2021-06-01T00:00:00Z,west,136
890,sku-293,2021-06-01T00:00:00Z,west,52
891,sku-297,2021-06-01T00:00:00Z,west,24
892,sku-299,2021-06-01T00:00:00Z,west,65
893,sku-3,2021-06-01T00:00:00Z,west,24
894,sku-30,2021-06-01T00:00:00Z,west,281
895,sku-300,2021-06-01T00:00:00Z,west,14
896,sku-301,2021-06-01T00:00:00Z,west,12
897,sku-302,2021-06-01T00:00:00Z,west,18
898,sku-306,2021-06-01T00:00:00Z,west,20
899,sku-31,2021-06-01T00:00:00Z,west,50
900,sku-314,2021-06-01T00:00:00Z,west,12
901,sku-315,2021-06-01T00:00:00Z,west,2
902,sku-316,2021-06-01T00:00:00Z,west,8
903,sku-317,2021-06-01T00:00:00Z,west,32
904,sku-318,2021-06-01T00:00:00Z,west,65
905,sku-319,2021-06-01T00:00:00Z,west,88
906,sku-32,2021-06-01T00:00:00Z,west,110
907,sku-320,2021-06-01T00:00:00Z,west,38
908,sku-321,2021-06-01T00:00:00Z,west,71
909,sku-322,2021-06-01T00:00:00Z,west,61
910,sku-323,2021-06-01T00:00:00Z,west,8
911,sku-324,2021-06-01T00:00:00Z,west,0
912,sku-325,2021-06-01T00:00:00Z,west,0
913,sku-326,2021-06-01T00:00:00Z,west,62
914,sku-327,2021-06-01T00:00:00Z,west,16
915,sku-328,2021-06-01T00:00:00Z,west,44
916,sku-33,2021-06-01T00:00:00Z,west,730
917,sku-331,2021-06-01T00:00:00Z,west,331
918,sku-332,2021-06-01T00:00:00Z,west,62
919,sku-339,2021-06-01T00:00:00Z,west,46
920,sku-34,2021-06-01T00:00:00Z,west,26
921,sku-341,2021-06-01T00:00:00Z,west,29
922,sku-343,2021-06-01T00:00:00Z,west,199
923,sku-35,2021-06-01T00:00:00Z,west,17
924,sku-350,2021-06-01T00:00:00Z,west,23
925,sku-351,2021-06-01T00:00:00Z,west,44
926,sku-352,2021-06-01T00:00:00Z,west,177
927,sku-353,2021-06-01T00:00:00Z,west,90
928,sku-354,2021-06-01T00:00:00Z,west,64
929,sku-355,2021-06-01T00:00:00Z,west,26
930,sku-356,2021-06-01T00:00:00Z,west,29
931,sku-357,2021-06-01T00:00:00Z,west,42
932,sku-358,2021-06-01T00:00:00Z,west,3
933,sku-359,2021-06-01T00:00:00Z,west,59
934,sku-36,2021-06-01T00:00:00Z,west,124
935,sku-360,2021-06-01T00:00:00Z,west,30
936,sku-361,2021-06-01T00:00:00Z,west,35
937,sku-362,2021-06-01T00:00:00Z,west,18
938,sku-363,2021-06-01T00:00:00Z,west,196
939,sku-364,2021-06-01T00:00:00Z,west,209
940,sku-365,2021-06-01T00:00:00Z,west,50
941,sku-366,2021-06-01T00:00:00Z,west,84
942,sku-367,2021-06-01T00:00:00Z,west,36
943,sku-368,2021-06-01T00:00:00Z,west,40
944,sku-369,2021-06-01T00:00:00Z,west,19
945,sku-37,2021-06-01T00:00:00Z,west,65
946,sku-370,2021-06-01T00:00:00Z,west,238
947,sku-371,2021-06-01T00:00:00Z,west,289
948,sku-372,2021-06-01T00:00:00Z,west,86
949,sku-373,2021-06-01T00:00:00Z,west,6
950,sku-374,2021-06-01T00:00:00Z,west,185
951,sku-375,2021-06-01T00:00:00Z,west,52
952,sku-376,2021-06-01T00:00:00Z,west,19
953,sku-377,2021-06-01T00:00:00Z,west,22
954,sku-378,2021-06-01T00:00:00Z,west,21
955,sku-379,2021-06-01T00:00:00Z,west,286
956,sku-38,2021-06-01T00:00:00Z,west,193
957,sku-380,2021-06-01T00:00:00Z,west,64
958,sku-381,2021-06-01T00:00:00Z,west,107
959,sku-382,2021-06-01T00:00:00Z,west,30
960,sku-383,2021-06-01T00:00:00Z,west,54
961,sku-384,2021-06-01T00:00:00Z,west,15
962,sku-385,2021-06-01T00:00:00Z,west,18
963,sku-386,2021-06-01T00:00:00Z,west,37
964,sku-387,2021-06-01T00:00:00Z,west,23
965,sku-388,2021-06-01T00:00:00Z,west,28
966,sku-389,2021-06-01T00:00:00Z,west,1
967,sku-39,2021-06-01T00:00:00Z,west,617
968,sku-390,2021-06-01T00:00:00Z,west,19
969,sku-391,2021-06-01T00:00:00Z,west,2
970,sku-392,2021-06-01T00:00:00Z,west,9
971,sku-393,2021-06-01T00:00:00Z,west,17
972,sku-394,2021-06-01T00:00:00Z,west,19
973,sku-395,2021-06-01T00:00:00Z,west,11
974,sku-396,2021-06-01T00:00:00Z,west,18
975,sku-397,2021-06-01T00:00:00Z,west,47
976,sku-398,2021-06-01T00:00:00Z,west,23
977,sku-399,2021-06-01T00:00:00Z,west,230
978,sku-4,2021-06-01T00:00:00Z,west,54
979,sku-40,2021-06-01T00:00:00Z,west,246
980,sku-400,2021-06-01T00:00:00Z,west,191
981,sku-401,2021-06-01T00:00:00Z,west,41
982,sku-402,2021-06-01T00:00:00Z,west,5
983,sku-41,2021-06-01T00:00:00Z,west,28
984,sku-42,2021-06-01T00:00:00Z,west,53
985,sku-43,2021-06-01T00:00:00Z,west,86
986,sku-44,2021-06-01T00:00:00Z,west,55
987,sku-45,2021-06-01T00:00:00Z,west,30
988,sku-46,2021-06-01T00:00:00Z,west,121
989,sku-47,2021-06-01T00:00:00Z,west,692
990,sku-49,2021-06-01T00:00:00Z,west,123
991,sku-5,2021-06-01T00:00:00Z,west,107
992,sku-50,2021-06-01T00:00:00Z,west,232
993,sku-51,2021-06-01T00:00:00Z,west,530
994,sku-53,2021-06-01T00:00:00Z,west,92
995,sku-54,2021-06-01T00:00:00Z,west,27
996,sku-55,2021-06-01T00:00:00Z,west,44
997,sku-56,2021-06-01T00:00:00Z,west,1248
998,sku-57,2021-06-01T00:00:00Z,west,55
999,sku-58,2021-06-01T00:00:00Z,west,366
1000,sku-59,2021-06-01T00:00:00Z,west,96
1001,sku-6,2021-06-01T00:00:00Z,west,16
1002,sku-60,2021-06-01T00:00:00Z,west,-60
1003,sku-61,2021-06-01T00:00:00Z,west,317
1004,sku-62,2021-06-01T00:00:00Z,west,130
1005,sku-63,2021-06-01T00:00:00Z,west,33
1006,sku-66,2021-06-01T00:00:00Z,west,48
1007,sku-67,2021-06-01T00:00:00Z,west,40
1008,sku-68,2021-06-01T00:00:00Z,west,25
1009,sku-69,2021-06-01T00:00:00Z,west,73
1010,sku-7,2021-06-01T00:00:00Z,west,280
1011,sku-70,2021-06-01T00:00:00Z,west,73
1012,sku-71,2021-06-01T00:00:00Z,west,30
1013,sku-72,2021-06-01T00:00:00Z,west,36
1014,sku-74,2021-06-01T00:00:00Z,west,1018
1015,sku-75,2021-06-01T00:00:00Z,west,33
1016,sku-76,2021-06-01T00:00:00Z,west,16
1017,sku-77,2021-06-01T00:00:00Z,west,118
1018,sku-78,2021-06-01T00:00:00Z,west,219
1019,sku-79,2021-06-01T00:00:00Z,west,91
1020,sku-8,2021-06-01T00:00:00Z,west,111
1021,sku-80,2021-06-01T00:00:00Z,west,42
1022,sku-81,2021-06-01T00:00:00Z,west,26
1023,sku-82,2021-06-01T00:00:00Z,west,51
1024,sku-83,2021-06-01T00:00:00Z,west,195
1025,sku-84,2021-06-01T00:00:00Z,west,929
1026,sku-85,2021-06-01T00:00:00Z,west,9
1027,sku-86,2021-06-01T00:00:00Z,west,55
1028,sku-87,2021-06-01T00:00:00Z,west,4
1029,sku-88,2021-06-01T00:00:00Z,west,80
1030,sku-89,2021-06-01T00:00:00Z,west,125
1031,sku-9,2021-06-01T00:00:00Z,west,93
1032,sku-90,2021-06-01T00:00:00Z,west,16
1033,sku-91,2021-06-01T00:00:00Z,west,24
1034,sku-92,2021-06-01T00:00:00Z,west,18
1035,sku-93,2021-06-01T00:00:00Z,west,24
1036,sku-94,2021-06-01T00:00:00Z,west,7
1037,sku-97,2021-06-01T00:00:00Z,west,29
1038,sku-98,2021-06-01T00:00:00Z,west,40